0, TA1,0,0.00,0.00
10, TA1,2000000,0.00,1.00
20, TA1,2000000,0.00,1.00
30, TA1,2000000,0.00,1.00
40, TA1,2000000,0.00,1.00
50, TA1,2000000,0.00,1.00
60, TA1,2000000,0.00,1.00
70, TA1,2000000,0.00,1.00
80, TA1,2000000,0.00,1.00
90, TA1,2000000,0.00,1.00
100, TA1,2000000,0.00,1.00
110, TA1,2000000,0.00,1.00
120, TA1,2000000,0.00,1.00
130, TA1,2000000,0.00,1.00
140, TA1,2000000,0.00,1.00
150, TA1,2000000,0.00,1.00
160, TA1,2000000,0.00,1.00
170, TA1,2000000,0.00,1.00
180, TA1,2000000,0.00,1.00
190, TA1,2000000,0.00,1.00
200, TA1,2000000,0.00,1.00
210, TA1,2000000,0.00,1.00
220, TA1,2000000,0.00,1.00
230, TA1,2000000,0.00,1.00
240, TA1,2000000,0.00,1.00
250, TA1,2000000,0.00,1.00
260, TA1,2000000,0.00,1.00
270, TA1,2000000,0.00,1.00
280, TA1,2000000,0.00,1.00
290, TA1,2000000,0.00,1.00
300, TA1,2000000,0.00,1.00
310, TA1,2000000,0.00,1.00
320, TA1,0,0.00,0.00
330, TA1,0,0.00,0.00
340, TA1,0,0.00,0.00
350, TA1,0,0.00,0.00
360, TA1,0,0.00,0.00
370, TA1,0,0.00,0.00
380, TA1,0,0.00,0.00
390, TA1,0,0.00,0.00
400, TA1,0,0.00,0.00
410, TA1,0,0.00,0.00
420, TA1,0,0.00,0.00
430, TA1,0,0.00,0.00
440, TA1,0,0.00,0.00
450, TA1,0,0.00,0.00
460, TA1,0,0.00,0.00
470, TA1,0,0.00,0.00
480, TA1,0,0.00,0.00
490, TA1,0,0.00,0.00
500, TA1,0,0.00,0.00
510, TA1,0,0.00,0.00
520, TA1,0,0.00,0.00
530, TA1,0,0.00,0.00
540, TA1,0,0.00,0.00
550, TA1,0,0.00,0.00
560, TA1,0,0.00,0.00
570, TA1,0,0.00,0.00
580, TA1,0,0.00,0.00
590, TA1,0,0.00,0.00
600, TA1,0,0.00,0.00
610, TA1,0,0.00,0.00
620, TA1,0,0.00,0.00
630, TA1,0,0.00,0.00
640, TA1,0,0.00,0.00
650, TA1,0,0.00,0.00
660, TA1,0,0.00,0.00
670, TA1,0,0.00,0.00
680, TA1,0,0.00,0.00
690, TA1,0,0.00,0.00
700, TA1,0,0.00,0.00
710, TA1,0,0.00,0.00
720, TA1,0,0.00,0.00
730, TA1,0,0.00,0.00
740, TA1,0,0.00,0.00
750, TA1,0,0.00,0.00
760, TA1,0,0.00,0.00
770, TA1,0,0.00,0.00
780, TA1,0,0.00,0.00
790, TA1,0,0.00,0.00
800, TA1,0,0.00,0.00
810, TA1,0,0.00,0.00
820, TA1,0,0.00,0.00
830, TA1,0,0.00,0.00
840, TA1,0,0.00,0.00
850, TA1,0,0.00,0.00
860, TA1,0,0.00,0.00
870, TA1,0,0.00,0.00
880, TA1,0,0.00,0.00
890, TA1,0,0.00,0.00
900, TA1,0,0.00,0.00
910, TA1,0,0.00,0.00
920, TA1,0,0.00,0.00
930, TA1,0,0.00,0.00
940, TA1,0,0.00,0.00
950, TA1,0,0.00,0.00
960, TA1,0,0.00,0.00
970, TA1,0,0.00,0.00
980, TA1,0,0.00,0.00
990, TA1,0,0.00,0.00
1000, TA1,0,0.00,0.00
1010, TA1,0,0.00,0.00
1020, TA1,0,0.00,0.00
1030, TA1,0,0.00,0.00
1040, TA1,0,0.00,0.00
1050, TA1,0,0.00,0.00
1060, TA1,0,0.00,0.00
1070, TA1,0,0.00,0.00
1080, TA1,0,0.00,0.00
1090, TA1,0,0.00,0.00
1100, TA1,0,0.00,0.00
1110, TA1,0,0.00,0.00
1120, TA1,0,0.00,0.00
1130, TA1,0,0.00,0.00
1140, TA1,0,0.00,0.00
1150, TA1,0,0.00,0.00
1160, TA1,0,0.00,0.00
1170, TA1,0,0.00,0.00
1180, TA1,0,0.00,0.00
1190, TA1,0,0.00,0.00
1200, TA1,0,0.00,0.00
1210, TA1,0,0.00,0.00
1220, TA1,0,0.00,0.00
1230, TA1,0,0.00,0.00
1240, TA1,0,0.00,0.00
1250, TA1,0,0.00,0.00
1260, TA1,0,0.00,0.00
1270, TA1,0,0.00,0.00
1280, TA1,0,0.00,0.00
1290, TA1,0,0.00,0.00
1300, TA1,0,0.00,0.00
1310, TA1,0,0.00,0.00
1320, TA1,0,0.00,0.00
1330, TA1,0,0.00,0.00
1340, TA1,0,0.00,0.00
1350, TA1,0,0.00,0.00
1360, TA1,0,0.00,0.00
1370, TA1,0,0.00,0.00
1380, TA1,0,0.00,0.00
1390, TA1,0,0.00,0.00
1400, TA1,0,0.00,0.00
1410, TA1,0,0.00,0.00
1420, TA1,0,0.00,0.00
1430, TA1,0,0.00,0.00
1440, TA1,0,0.00,0.00
1450, TA1,0,0.00,0.00
1460, TA1,0,0.00,0.00
1470, TA1,0,0.00,0.00
1480, TA1,0,0.00,0.00
1490, TA1,0,0.00,0.00
1500, TA1,0,0.00,0.00
1510, TA1,0,0.00,0.00
1520, TA1,0,0.00,0.00
1530, TA1,0,0.00,0.00
1540, TA1,0,0.00,0.00
1550, TA1,0,0.00,0.00
1560, TA1,0,0.00,0.00
1570, TA1,0,0.00,0.00
1580, TA1,0,0.00,0.00
1590, TA1,0,0.00,0.00
1600, TA1,0,0.00,0.00
1610, TA1,0,0.00,0.00
1620, TA1,0,0.00,0.00
1630, TA1,0,0.00,0.00
1640, TA1,0,0.00,0.00
1650, TA1,0,0.00,0.00
1660, TA1,0,0.00,0.00
1670, TA1,0,0.00,0.00
1680, TA1,0,0.00,0.00
1690, TA1,0,0.00,0.00
1700, TA1,0,0.00,0.00
1710, TA1,0,0.00,0.00
1720, TA1,0,0.00,0.00
1730, TA1,0,0.00,0.00
1740, TA1,0,0.00,0.00
1750, TA1,0,0.00,0.00
1760, TA1,0,0.00,0.00
1770, TA1,0,0.00,0.00
1780, TA1,0,0.00,0.00
1790, TA1,0,0.00,0.00
1800, TA1,0,0.00,0.00
0, TA2,0,0.00,0.00
10, TA2,0,0.00,0.00
20, TA2,0,0.00,0.00
30, TA2,0,0.00,0.00
40, TA2,0,0.00,0.00
50, TA2,0,0.00,0.00
60, TA2,0,0.00,0.00
70, TA2,0,0.00,0.00
80, TA2,0,0.00,0.00
90, TA2,0,0.00,0.00
100, TA2,0,0.00,0.00
110, TA2,0,0.00,0.00
120, TA2,0,0.00,0.00
130, TA2,0,0.00,0.00
140, TA2,0,0.00,0.00
150, TA2,0,0.00,0.00
160, TA2,0,0.00,0.00
170, TA2,0,0.00,0.00
180, TA2,0,0.00,0.00
190, TA2,0,0.00,0.00
200, TA2,0,0.00,0.00
210, TA2,0,0.00,0.00
220, TA2,0,0.00,0.00
230, TA2,0,0.00,0.00
240, TA2,0,0.00,0.00
250, TA2,0,0.00,0.00
260, TA2,0,0.00,0.00
270, TA2,0,0.00,0.00
280, TA2,0,0.00,0.00
290, TA2,0,0.00,0.00
300, TA2,0,0.00,0.00
310, TA2,0,0.00,0.00
320, TA2,0,0.00,0.00
330, TA2,0,0.00,0.00
340, TA2,0,0.00,0.00
350, TA2,0,0.00,0.00
360, TA2,0,0.00,0.00
370, TA2,0,0.00,0.00
380, TA2,0,0.00,0.00
390, TA2,0,0.00,0.00
400, TA2,0,0.00,0.00
410, TA2,0,0.00,0.00
420, TA2,0,0.00,0.00
430, TA2,0,0.00,0.00
440, TA2,0,0.00,0.00
450, TA2,0,0.00,0.00
460, TA2,0,0.00,0.00
470, TA2,0,0.00,0.00
480, TA2,0,0.00,0.00
490, TA2,0,0.00,0.00
500, TA2,0,0.00,0.00
510, TA2,0,0.00,0.00
520, TA2,0,0.00,0.00
530, TA2,0,0.00,0.00
540, TA2,0,0.00,0.00
550, TA2,0,0.00,0.00
560, TA2,0,0.00,0.00
570, TA2,0,0.00,0.00
580, TA2,0,0.00,0.00
590, TA2,0,0.00,0.00
600, TA2,0,0.00,0.00
610, TA2,0,0.00,0.00
620, TA2,0,0.00,0.00
630, TA2,0,0.00,0.00
640, TA2,0,0.00,0.00
650, TA2,0,0.00,0.00
660, TA2,0,0.00,0.00
670, TA2,0,0.00,0.00
680, TA2,0,0.00,0.00
690, TA2,0,0.00,0.00
700, TA2,0,0.00,0.00
710, TA2,0,0.00,0.00
720, TA2,0,0.00,0.00
730, TA2,0,0.00,0.00
740, TA2,0,0.00,0.00
750, TA2,0,0.00,0.00
760, TA2,0,0.00,0.00
770, TA2,0,0.00,0.00
780, TA2,0,0.00,0.00
790, TA2,0,0.00,0.00
800, TA2,0,0.00,0.00
810, TA2,0,0.00,0.00
820, TA2,0,0.00,0.00
830, TA2,0,0.00,0.00
840, TA2,0,0.00,0.00
850, TA2,0,0.00,0.00
860, TA2,0,0.00,0.00
870, TA2,0,0.00,0.00
880, TA2,0,0.00,0.00
890, TA2,0,0.00,0.00
900, TA2,0,0.00,0.00
910, TA2,0,0.00,0.00
920, TA2,0,0.00,0.00
930, TA2,0,0.00,0.00
940, TA2,0,0.00,0.00
950, TA2,0,0.00,0.00
960, TA2,0,0.00,0.00
970, TA2,0,0.00,0.00
980, TA2,0,0.00,0.00
990, TA2,0,0.00,0.00
1000, TA2,0,0.00,0.00
1010, TA2,0,0.00,0.00
1020, TA2,0,0.00,0.00
1030, TA2,0,0.00,0.00
1040, TA2,0,0.00,0.00
1050, TA2,0,0.00,0.00
1060, TA2,0,0.00,0.00
1070, TA2,0,0.00,0.00
1080, TA2,0,0.00,0.00
1090, TA2,0,0.00,0.00
1100, TA2,0,0.00,0.00
1110, TA2,0,0.00,0.00
1120, TA2,0,0.00,0.00
1130, TA2,0,0.00,0.00
1140, TA2,0,0.00,0.00
1150, TA2,0,0.00,0.00
1160, TA2,0,0.00,0.00
1170, TA2,0,0.00,0.00
1180, TA2,0,0.00,0.00
1190, TA2,0,0.00,0.00
1200, TA2,0,0.00,0.00
1210, TA2,0,0.00,0.00
1220, TA2,0,0.00,0.00
1230, TA2,0,0.00,0.00
1240, TA2,0,0.00,0.00
1250, TA2,0,0.00,0.00
1260, TA2,0,0.00,0.00
1270, TA2,0,0.00,0.00
1280, TA2,0,0.00,0.00
1290, TA2,0,0.00,0.00
1300, TA2,0,0.00,0.00
1310, TA2,0,0.00,0.00
1320, TA2,0,0.00,0.00
1330, TA2,0,0.00,0.00
1340, TA2,0,0.00,0.00
1350, TA2,0,0.00,0.00
1360, TA2,0,0.00,0.00
1370, TA2,0,0.00,0.00
1380, TA2,0,0.00,0.00
1390, TA2,0,0.00,0.00
1400, TA2,0,0.00,0.00
1410, TA2,0,0.00,0.00
1420, TA2,0,0.00,0.00
1430, TA2,0,0.00,0.00
1440, TA2,0,0.00,0.00
1450, TA2,0,0.00,0.00
1460, TA2,0,0.00,0.00
1470, TA2,0,0.00,0.00
1480, TA2,0,0.00,0.00
1490, TA2,0,0.00,0.00
1500, TA2,0,0.00,0.00
1510, TA2,0,0.00,0.00
1520, TA2,0,0.00,0.00
1530, TA2,0,0.00,0.00
1540, TA2,0,0.00,0.00
1550, TA2,0,0.00,0.00
1560, TA2,0,0.00,0.00
1570, TA2,0,0.00,0.00
1580, TA2,0,0.00,0.00
1590, TA2,0,0.00,0.00
1600, TA2,0,0.00,0.00
1610, TA2,0,0.00,0.00
1620, TA2,0,0.00,0.00
1630, TA2,0,0.00,0.00
1640, TA2,0,0.00,0.00
1650, TA2,0,0.00,0.00
1660, TA2,0,0.00,0.00
1670, TA2,0,0.00,0.00
1680, TA2,0,0.00,0.00
1690, TA2,0,0.00,0.00
1700, TA2,0,0.00,0.00
1710, TA2,0,0.00,0.00
1720, TA2,0,0.00,0.00
1730, TA2,0,0.00,0.00
1740, TA2,0,0.00,0.00
1750, TA2,0,0.00,0.00
1760, TA2,0,0.00,0.00
1770, TA2,0,0.00,0.00
1780, TA2,0,0.00,0.00
1790, TA2,0,0.00,0.00
1800, TA2,0,0.00,0.00
0, TA3,0,0.00,0.00
10, TA3,0,0.00,0.00
20, TA3,0,0.00,0.00
30, TA3,0,0.00,0.00
40, TA3,0,0.00,0.00
50, TA3,0,0.00,0.00
60, TA3,0,0.00,0.00
70, TA3,0,0.00,0.00
80, TA3,0,0.00,0.00
90, TA3,0,0.00,0.00
100, TA3,0,0.00,0.00
110, TA3,0,0.00,0.00
120, TA3,0,0.00,0.00
130, TA3,0,0.00,0.00
140, TA3,0,0.00,0.00
150, TA3,0,0.00,0.00
160, TA3,0,0.00,0.00
170, TA3,0,0.00,0.00
180, TA3,0,0.00,0.00
190, TA3,0,0.00,0.00
200, TA3,0,0.00,0.00
210, TA3,0,0.00,0.00
220, TA3,0,0.00,0.00
230, TA3,0,0.00,0.00
240, TA3,0,0.00,0.00
250, TA3,0,0.00,0.00
260, TA3,0,0.00,0.00
270, TA3,0,0.00,0.00
280, TA3,0,0.00,0.00
290, TA3,0,0.00,0.00
300, TA3,0,0.00,0.00
310, TA3,0,0.00,0.00
320, TA3,0,0.00,0.00
330, TA3,0,0.00,0.00
340, TA3,0,0.00,0.00
350, TA3,0,0.00,0.00
360, TA3,0,0.00,0.00
370, TA3,0,0.00,0.00
380, TA3,0,0.00,0.00
390, TA3,0,0.00,0.00
400, TA3,0,0.00,0.00
410, TA3,0,0.00,0.00
420, TA3,0,0.00,0.00
430, TA3,0,0.00,0.00
440, TA3,0,0.00,0.00
450, TA3,0,0.00,0.00
460, TA3,0,0.00,0.00
470, TA3,0,0.00,0.00
480, TA3,0,0.00,0.00
490, TA3,0,0.00,0.00
500, TA3,0,0.00,0.00
510, TA3,0,0.00,0.00
520, TA3,0,0.00,0.00
530, TA3,0,0.00,0.00
540, TA3,0,0.00,0.00
550, TA3,0,0.00,0.00
560, TA3,0,0.00,0.00
570, TA3,0,0.00,0.00
580, TA3,0,0.00,0.00
590, TA3,0,0.00,0.00
600, TA3,0,0.00,0.00
610, TA3,0,0.00,0.00
620, TA3,0,0.00,0.00
630, TA3,0,0.00,0.00
640, TA3,0,0.00,0.00
650, TA3,0,0.00,0.00
660, TA3,0,0.00,0.00
670, TA3,0,0.00,0.00
680, TA3,0,0.00,0.00
690, TA3,0,0.00,0.00
700, TA3,0,0.00,0.00
710, TA3,0,0.00,0.00
720, TA3,0,0.00,0.00
730, TA3,0,0.00,0.00
740, TA3,0,0.00,0.00
750, TA3,0,0.00,0.00
760, TA3,0,0.00,0.00
770, TA3,0,0.00,0.00
780, TA3,0,0.00,0.00
790, TA3,0,0.00,0.00
800, TA3,0,0.00,0.00
810, TA3,0,0.00,0.00
820, TA3,0,0.00,0.00
830, TA3,0,0.00,0.00
840, TA3,0,0.00,0.00
850, TA3,0,0.00,0.00
860, TA3,0,0.00,0.00
870, TA3,0,0.00,0.00
880, TA3,0,0.00,0.00
890, TA3,0,0.00,0.00
900, TA3,0,0.00,0.00
910, TA3,0,0.00,0.00
920, TA3,0,0.00,0.00
930, TA3,0,0.00,0.00
940, TA3,0,0.00,0.00
950, TA3,0,0.00,0.00
960, TA3,0,0.00,0.00
970, TA3,0,0.00,0.00
980, TA3,0,0.00,0.00
990, TA3,0,0.00,0.00
1000, TA3,0,0.00,0.00
1010, TA3,0,0.00,0.00
1020, TA3,0,0.00,0.00
1030, TA3,0,0.00,0.00
1040, TA3,0,0.00,0.00
1050, TA3,0,0.00,0.00
1060, TA3,0,0.00,0.00
1070, TA3,0,0.00,0.00
1080, TA3,0,0.00,0.00
1090, TA3,0,0.00,0.00
1100, TA3,0,0.00,0.00
1110, TA3,0,0.00,0.00
1120, TA3,0,0.00,0.00
1130, TA3,0,0.00,0.00
1140, TA3,0,0.00,0.00
1150, TA3,0,0.00,0.00
1160, TA3,0,0.00,0.00
1170, TA3,0,0.00,0.00
1180, TA3,0,0.00,0.00
1190, TA3,0,0.00,0.00
1200, TA3,0,0.00,0.00
1210, TA3,0,0.00,0.00
1220, TA3,0,0.00,0.00
1230, TA3,0,0.00,0.00
1240, TA3,0,0.00,0.00
1250, TA3,0,0.00,0.00
1260, TA3,0,0.00,0.00
1270, TA3,0,0.00,0.00
1280, TA3,0,0.00,0.00
1290, TA3,0,0.00,0.00
1300, TA3,0,0.00,0.00
1310, TA3,0,0.00,0.00
1320, TA3,0,0.00,0.00
1330, TA3,0,0.00,0.00
1340, TA3,0,0.00,0.00
1350, TA3,0,0.00,0.00
1360, TA3,0,0.00,0.00
1370, TA3,0,0.00,0.00
1380, TA3,0,0.00,0.00
1390, TA3,0,0.00,0.00
1400, TA3,0,0.00,0.00
1410, TA3,0,0.00,0.00
1420, TA3,0,0.00,0.00
1430, TA3,0,0.00,0.00
1440, TA3,0,0.00,0.00
1450, TA3,0,0.00,0.00
1460, TA3,0,0.00,0.00
1470, TA3,0,0.00,0.00
1480, TA3,0,0.00,0.00
1490, TA3,0,0.00,0.00
1500, TA3,0,0.00,0.00
1510, TA3,0,0.00,0.00
1520, TA3,0,0.00,0.00
1530, TA3,0,0.00,0.00
1540, TA3,0,0.00,0.00
1550, TA3,0,0.00,0.00
1560, TA3,0,0.00,0.00
1570, TA3,0,0.00,0.00
1580, TA3,0,0.00,0.00
1590, TA3,0,0.00,0.00
1600, TA3,0,0.00,0.00
1610, TA3,0,0.00,0.00
1620, TA3,0,0.00,0.00
1630, TA3,0,0.00,0.00
1640, TA3,0,0.00,0.00
1650, TA3,0,0.00,0.00
1660, TA3,0,0.00,0.00
1670, TA3,0,0.00,0.00
1680, TA3,0,0.00,0.00
1690, TA3,0,0.00,0.00
1700, TA3,0,0.00,0.00
1710, TA3,0,0.00,0.00
1720, TA3,0,0.00,0.00
1730, TA3,0,0.00,0.00
1740, TA3,0,0.00,0.00
1750, TA3,0,0.00,0.00
1760, TA3,0,0.00,0.00
1770, TA3,0,0.00,0.00
1780, TA3,0,0.00,0.00
1790, TA3,0,0.00,0.00
1800, TA3,0,0.00,0.00
0, TA4,0,0.00,0.00
10, TA4,0,0.00,0.00
20, TA4,0,0.00,0.00
30, TA4,0,0.00,0.00
40, TA4,0,0.00,0.00
50, TA4,0,0.00,0.00
60, TA4,0,0.00,0.00
70, TA4,0,0.00,0.00
80, TA4,0,0.00,0.00
90, TA4,0,0.00,0.00
100, TA4,0,0.00,0.00
110, TA4,0,0.00,0.00
120, TA4,0,0.00,0.00
130, TA4,0,0.00,0.00
140, TA4,0,0.00,0.00
150, TA4,0,0.00,0.00
160, TA4,0,0.00,0.00
170, TA4,0,0.00,0.00
180, TA4,0,0.00,0.00
190, TA4,0,0.00,0.00
200, TA4,0,0.00,0.00
210, TA4,0,0.00,0.00
220, TA4,0,0.00,0.00
230, TA4,0,0.00,0.00
240, TA4,0,0.00,0.00
250, TA4,0,0.00,0.00
260, TA4,0,0.00,0.00
270, TA4,0,0.00,0.00
280, TA4,0,0.00,0.00
290, TA4,0,0.00,0.00
300, TA4,0,0.00,0.00
310, TA4,0,0.00,0.00
320, TA4,0,0.00,0.00
330, TA4,0,0.00,0.00
340, TA4,0,0.00,0.00
350, TA4,0,0.00,0.00
360, TA4,0,0.00,0.00
370, TA4,0,0.00,0.00
380, TA4,0,0.00,0.00
390, TA4,0,0.00,0.00
400, TA4,0,0.00,0.00
410, TA4,0,0.00,0.00
420, TA4,0,0.00,0.00
430, TA4,0,0.00,0.00
440, TA4,0,0.00,0.00
450, TA4,0,0.00,0.00
460, TA4,0,0.00,0.00
470, TA4,0,0.00,0.00
480, TA4,0,0.00,0.00
490, TA4,0,0.00,0.00
500, TA4,0,0.00,0.00
510, TA4,0,0.00,0.00
520, TA4,0,0.00,0.00
530, TA4,0,0.00,0.00
540, TA4,0,0.00,0.00
550, TA4,0,0.00,0.00
560, TA4,0,0.00,0.00
570, TA4,0,0.00,0.00
580, TA4,0,0.00,0.00
590, TA4,0,0.00,0.00
600, TA4,0,0.00,0.00
610, TA4,0,0.00,0.00
620, TA4,0,0.00,0.00
630, TA4,0,0.00,0.00
640, TA4,0,0.00,0.00
650, TA4,0,0.00,0.00
660, TA4,0,0.00,0.00
670, TA4,0,0.00,0.00
680, TA4,0,0.00,0.00
690, TA4,0,0.00,0.00
700, TA4,0,0.00,0.00
710, TA4,0,0.00,0.00
720, TA4,0,0.00,0.00
730, TA4,0,0.00,0.00
740, TA4,0,0.00,0.00
750, TA4,0,0.00,0.00
760, TA4,0,0.00,0.00
770, TA4,0,0.00,0.00
780, TA4,0,0.00,0.00
790, TA4,0,0.00,0.00
800, TA4,0,0.00,0.00
810, TA4,0,0.00,0.00
820, TA4,0,0.00,0.00
830, TA4,0,0.00,0.00
840, TA4,0,0.00,0.00
850, TA4,0,0.00,0.00
860, TA4,0,0.00,0.00
870, TA4,0,0.00,0.00
880, TA4,0,0.00,0.00
890, TA4,0,0.00,0.00
900, TA4,0,0.00,0.00
910, TA4,0,0.00,0.00
920, TA4,0,0.00,0.00
930, TA4,0,0.00,0.00
940, TA4,0,0.00,0.00
950, TA4,0,0.00,0.00
960, TA4,0,0.00,0.00
970, TA4,0,0.00,0.00
980, TA4,0,0.00,0.00
990, TA4,0,0.00,0.00
1000, TA4,0,0.00,0.00
1010, TA4,0,0.00,0.00
1020, TA4,0,0.00,0.00
1030, TA4,0,0.00,0.00
1040, TA4,0,0.00,0.00
1050, TA4,0,0.00,0.00
1060, TA4,0,0.00,0.00
1070, TA4,0,0.00,0.00
1080, TA4,0,0.00,0.00
1090, TA4,0,0.00,0.00
1100, TA4,0,0.00,0.00
1110, TA4,0,0.00,0.00
1120, TA4,0,0.00,0.00
1130, TA4,0,0.00,0.00
1140, TA4,0,0.00,0.00
1150, TA4,0,0.00,0.00
1160, TA4,0,0.00,0.00
1170, TA4,0,0.00,0.00
1180, TA4,0,0.00,0.00
1190, TA4,0,0.00,0.00
1200, TA4,0,0.00,0.00
1210, TA4,0,0.00,0.00
1220, TA4,0,0.00,0.00
1230, TA4,0,0.00,0.00
1240, TA4,0,0.00,0.00
1250, TA4,0,0.00,0.00
1260, TA4,0,0.00,0.00
1270, TA4,0,0.00,0.00
1280, TA4,0,0.00,0.00
1290, TA4,0,0.00,0.00
1300, TA4,0,0.00,0.00
1310, TA4,0,0.00,0.00
1320, TA4,0,0.00,0.00
1330, TA4,0,0.00,0.00
1340, TA4,0,0.00,0.00
1350, TA4,0,0.00,0.00
1360, TA4,0,0.00,0.00
1370, TA4,0,0.00,0.00
1380, TA4,0,0.00,0.00
1390, TA4,0,0.00,0.00
1400, TA4,0,0.00,0.00
1410, TA4,0,0.00,0.00
1420, TA4,0,0.00,0.00
1430, TA4,0,0.00,0.00
1440, TA4,0,0.00,0.00
1450, TA4,0,0.00,0.00
1460, TA4,0,0.00,0.00
1470, TA4,0,0.00,0.00
1480, TA4,0,0.00,0.00
1490, TA4,0,0.00,0.00
1500, TA4,0,0.00,0.00
1510, TA4,0,0.00,0.00
1520, TA4,0,0.00,0.00
1530, TA4,0,0.00,0.00
1540, TA4,0,0.00,0.00
1550, TA4,0,0.00,0.00
1560, TA4,0,0.00,0.00
1570, TA4,0,0.00,0.00
1580, TA4,0,0.00,0.00
1590, TA4,0,0.00,0.00
1600, TA4,0,0.00,0.00
1610, TA4,0,0.00,0.00
1620, TA4,0,0.00,0.00
1630, TA4,0,0.00,0.00
1640, TA4,0,0.00,0.00
1650, TA4,0,0.00,0.00
1660, TA4,0,0.00,0.00
1670, TA4,0,0.00,0.00
1680, TA4,0,0.00,0.00
1690, TA4,0,0.00,0.00
1700, TA4,0,0.00,0.00
1710, TA4,0,0.00,0.00
1720, TA4,0,0.00,0.00
1730, TA4,0,0.00,0.00
1740, TA4,0,0.00,0.00
1750, TA4,0,0.00,0.00
1760, TA4,0,0.00,0.00
1770, TA4,0,0.00,0.00
1780, TA4,0,0.00,0.00
1790, TA4,0,0.00,0.00
1800, TA4,0,0.00,0.00
0, TA5,0,0.00,0.00
10, TA5,0,0.00,0.00
20, TA5,0,0.00,0.00
30, TA5,0,0.00,0.00
40, TA5,0,0.00,0.00
50, TA5,0,0.00,0.00
60, TA5,0,0.00,0.00
70, TA5,0,0.00,0.00
80, TA5,0,0.00,0.00
90, TA5,0,0.00,0.00
100, TA5,0,0.00,0.00
110, TA5,0,0.00,0.00
120, TA5,0,0.00,0.00
130, TA5,0,0.00,0.00
140, TA5,0,0.00,0.00
150, TA5,0,0.00,0.00
160, TA5,0,0.00,0.00
170, TA5,0,0.00,0.00
180, TA5,0,0.00,0.00
190, TA5,0,0.00,0.00
200, TA5,0,0.00,0.00
210, TA5,0,0.00,0.00
220, TA5,0,0.00,0.00
230, TA5,0,0.00,0.00
240, TA5,0,0.00,0.00
250, TA5,0,0.00,0.00
260, TA5,0,0.00,0.00
270, TA5,0,0.00,0.00
280, TA5,0,0.00,0.00
290, TA5,0,0.00,0.00
300, TA5,0,0.00,0.00
310, TA5,0,0.00,0.00
320, TA5,0,0.00,0.00
330, TA5,0,0.00,0.00
340, TA5,0,0.00,0.00
350, TA5,0,0.00,0.00
360, TA5,0,0.00,0.00
370, TA5,0,0.00,0.00
380, TA5,0,0.00,0.00
390, TA5,0,0.00,0.00
400, TA5,0,0.00,0.00
410, TA5,0,0.00,0.00
420, TA5,0,0.00,0.00
430, TA5,0,0.00,0.00
440, TA5,0,0.00,0.00
450, TA5,0,0.00,0.00
460, TA5,0,0.00,0.00
470, TA5,0,0.00,0.00
480, TA5,0,0.00,0.00
490, TA5,0,0.00,0.00
500, TA5,0,0.00,0.00
510, TA5,0,0.00,0.00
520, TA5,0,0.00,0.00
530, TA5,0,0.00,0.00
540, TA5,0,0.00,0.00
550, TA5,0,0.00,0.00
560, TA5,0,0.00,0.00
570, TA5,0,0.00,0.00
580, TA5,0,0.00,0.00
590, TA5,0,0.00,0.00
600, TA5,0,0.00,0.00
610, TA5,0,0.00,0.00
620, TA5,0,0.00,0.00
630, TA5,0,0.00,0.00
640, TA5,0,0.00,0.00
650, TA5,0,0.00,0.00
660, TA5,0,0.00,0.00
670, TA5,0,0.00,0.00
680, TA5,0,0.00,0.00
690, TA5,0,0.00,0.00
700, TA5,0,0.00,0.00
710, TA5,0,0.00,0.00
720, TA5,0,0.00,0.00
730, TA5,0,0.00,0.00
740, TA5,0,0.00,0.00
750, TA5,0,0.00,0.00
760, TA5,0,0.00,0.00
770, TA5,0,0.00,0.00
780, TA5,0,0.00,0.00
790, TA5,0,0.00,0.00
800, TA5,0,0.00,0.00
810, TA5,0,0.00,0.00
820, TA5,0,0.00,0.00
830, TA5,0,0.00,0.00
840, TA5,0,0.00,0.00
850, TA5,0,0.00,0.00
860, TA5,0,0.00,0.00
870, TA5,0,0.00,0.00
880, TA5,0,0.00,0.00
890, TA5,0,0.00,0.00
900, TA5,0,0.00,0.00
910, TA5,0,0.00,0.00
920, TA5,0,0.00,0.00
930, TA5,0,0.00,0.00
940, TA5,0,0.00,0.00
950, TA5,0,0.00,0.00
960, TA5,0,0.00,0.00
970, TA5,0,0.00,0.00
980, TA5,0,0.00,0.00
990, TA5,0,0.00,0.00
1000, TA5,0,0.00,0.00
1010, TA5,0,0.00,0.00
1020, TA5,0,0.00,0.00
1030, TA5,0,0.00,0.00
1040, TA5,0,0.00,0.00
1050, TA5,0,0.00,0.00
1060, TA5,0,0.00,0.00
1070, TA5,0,0.00,0.00
1080, TA5,0,0.00,0.00
1090, TA5,0,0.00,0.00
1100, TA5,0,0.00,0.00
1110, TA5,0,0.00,0.00
1120, TA5,0,0.00,0.00
1130, TA5,0,0.00,0.00
1140, TA5,0,0.00,0.00
1150, TA5,0,0.00,0.00
1160, TA5,0,0.00,0.00
1170, TA5,0,0.00,0.00
1180, TA5,0,0.00,0.00
1190, TA5,0,0.00,0.00
1200, TA5,0,0.00,0.00
1210, TA5,0,0.00,0.00
1220, TA5,0,0.00,0.00
1230, TA5,0,0.00,0.00
1240, TA5,0,0.00,0.00
1250, TA5,0,0.00,0.00
1260, TA5,0,0.00,0.00
1270, TA5,0,0.00,0.00
1280, TA5,0,0.00,0.00
1290, TA5,0,0.00,0.00
1300, TA5,0,0.00,0.00
1310, TA5,0,0.00,0.00
1320, TA5,0,0.00,0.00
1330, TA5,0,0.00,0.00
1340, TA5,0,0.00,0.00
1350, TA5,0,0.00,0.00
1360, TA5,0,0.00,0.00
1370, TA5,0,0.00,0.00
1380, TA5,0,0.00,0.00
1390, TA5,0,0.00,0.00
1400, TA5,0,0.00,0.00
1410, TA5,0,0.00,0.00
1420, TA5,0,0.00,0.00
1430, TA5,0,0.00,0.00
1440, TA5,0,0.00,0.00
1450, TA5,0,0.00,0.00
1460, TA5,0,0.00,0.00
1470, TA5,0,0.00,0.00
1480, TA5,0,0.00,0.00
1490, TA5,0,0.00,0.00
1500, TA5,0,0.00,0.00
1510, TA5,0,0.00,0.00
1520, TA5,0,0.00,0.00
1530, TA5,0,0.00,0.00
1540, TA5,0,0.00,0.00
1550, TA5,0,0.00,0.00
1560, TA5,0,0.00,0.00
1570, TA5,0,0.00,0.00
1580, TA5,0,0.00,0.00
1590, TA5,0,0.00,0.00
1600, TA5,0,0.00,0.00
1610, TA5,0,0.00,0.00
1620, TA5,0,0.00,0.00
1630, TA5,0,0.00,0.00
1640, TA5,0,0.00,0.00
1650, TA5,0,0.00,0.00
1660, TA5,0,0.00,0.00
1670, TA5,0,0.00,0.00
1680, TA5,0,0.00,0.00
1690, TA5,0,0.00,0.00
1700, TA5,0,0.00,0.00
1710, TA5,0,0.00,0.00
1720, TA5,0,0.00,0.00
1730, TA5,0,0.00,0.00
1740, TA5,0,0.00,0.00
1750, TA5,0,0.00,0.00
1760, TA5,0,0.00,0.00
1770, TA5,0,0.00,0.00
1780, TA5,0,0.00,0.00
1790, TA5,0,0.00,0.00
1800, TA5,0,0.00,0.00
0, TA6,0,0.00,0.00
10, TA6,0,0.00,0.00
20, TA6,0,0.00,0.00
30, TA6,0,0.00,0.00
40, TA6,0,0.00,0.00
50, TA6,0,0.00,0.00
60, TA6,0,0.00,0.00
70, TA6,0,0.00,0.00
80, TA6,0,0.00,0.00
90, TA6,0,0.00,0.00
100, TA6,0,0.00,0.00
110, TA6,0,0.00,0.00
120, TA6,0,0.00,0.00
130, TA6,0,0.00,0.00
140, TA6,0,0.00,0.00
150, TA6,0,0.00,0.00
160, TA6,0,0.00,0.00
170, TA6,0,0.00,0.00
180, TA6,0,0.00,0.00
190, TA6,0,0.00,0.00
200, TA6,0,0.00,0.00
210, TA6,0,0.00,0.00
220, TA6,0,0.00,0.00
230, TA6,0,0.00,0.00
240, TA6,0,0.00,0.00
250, TA6,0,0.00,0.00
260, TA6,0,0.00,0.00
270, TA6,0,0.00,0.00
280, TA6,0,0.00,0.00
290, TA6,0,0.00,0.00
300, TA6,0,0.00,0.00
310, TA6,0,0.00,0.00
320, TA6,0,0.00,0.00
330, TA6,0,0.00,0.00
340, TA6,0,0.00,0.00
350, TA6,0,0.00,0.00
360, TA6,0,0.00,0.00
370, TA6,0,0.00,0.00
380, TA6,0,0.00,0.00
390, TA6,0,0.00,0.00
400, TA6,0,0.00,0.00
410, TA6,0,0.00,0.00
420, TA6,0,0.00,0.00
430, TA6,0,0.00,0.00
440, TA6,0,0.00,0.00
450, TA6,0,0.00,0.00
460, TA6,0,0.00,0.00
470, TA6,0,0.00,0.00
480, TA6,0,0.00,0.00
490, TA6,0,0.00,0.00
500, TA6,0,0.00,0.00
510, TA6,0,0.00,0.00
520, TA6,0,0.00,0.00
530, TA6,0,0.00,0.00
540, TA6,0,0.00,0.00
550, TA6,0,0.00,0.00
560, TA6,0,0.00,0.00
570, TA6,0,0.00,0.00
580, TA6,0,0.00,0.00
590, TA6,0,0.00,0.00
600, TA6,0,0.00,0.00
610, TA6,0,0.00,0.00
620, TA6,0,0.00,0.00
630, TA6,0,0.00,0.00
640, TA6,0,0.00,0.00
650, TA6,0,0.00,0.00
660, TA6,0,0.00,0.00
670, TA6,0,0.00,0.00
680, TA6,0,0.00,0.00
690, TA6,0,0.00,0.00
700, TA6,0,0.00,0.00
710, TA6,0,0.00,0.00
720, TA6,0,0.00,0.00
730, TA6,0,0.00,0.00
740, TA6,0,0.00,0.00
750, TA6,0,0.00,0.00
760, TA6,0,0.00,0.00
770, TA6,0,0.00,0.00
780, TA6,0,0.00,0.00
790, TA6,0,0.00,0.00
800, TA6,0,0.00,0.00
810, TA6,0,0.00,0.00
820, TA6,0,0.00,0.00
830, TA6,0,0.00,0.00
840, TA6,0,0.00,0.00
850, TA6,0,0.00,0.00
860, TA6,0,0.00,0.00
870, TA6,0,0.00,0.00
880, TA6,0,0.00,0.00
890, TA6,0,0.00,0.00
900, TA6,0,0.00,0.00
910, TA6,0,0.00,0.00
920, TA6,0,0.00,0.00
930, TA6,0,0.00,0.00
940, TA6,0,0.00,0.00
950, TA6,0,0.00,0.00
960, TA6,0,0.00,0.00
970, TA6,0,0.00,0.00
980, TA6,0,0.00,0.00
990, TA6,0,0.00,0.00
1000, TA6,0,0.00,0.00
1010, TA6,0,0.00,0.00
1020, TA6,0,0.00,0.00
1030, TA6,0,0.00,0.00
1040, TA6,0,0.00,0.00
1050, TA6,0,0.00,0.00
1060, TA6,0,0.00,0.00
1070, TA6,0,0.00,0.00
1080, TA6,0,0.00,0.00
1090, TA6,0,0.00,0.00
1100, TA6,0,0.00,0.00
1110, TA6,0,0.00,0.00
1120, TA6,0,0.00,0.00
1130, TA6,0,0.00,0.00
1140, TA6,0,0.00,0.00
1150, TA6,0,0.00,0.00
1160, TA6,0,0.00,0.00
1170, TA6,0,0.00,0.00
1180, TA6,0,0.00,0.00
1190, TA6,0,0.00,0.00
1200, TA6,0,0.00,0.00
1210, TA6,0,0.00,0.00
1220, TA6,0,0.00,0.00
1230, TA6,0,0.00,0.00
1240, TA6,0,0.00,0.00
1250, TA6,0,0.00,0.00
1260, TA6,0,0.00,0.00
1270, TA6,0,0.00,0.00
1280, TA6,0,0.00,0.00
1290, TA6,0,0.00,0.00
1300, TA6,0,0.00,0.00
1310, TA6,0,0.00,0.00
1320, TA6,0,0.00,0.00
1330, TA6,0,0.00,0.00
1340, TA6,0,0.00,0.00
1350, TA6,0,0.00,0.00
1360, TA6,0,0.00,0.00
1370, TA6,0,0.00,0.00
1380, TA6,0,0.00,0.00
1390, TA6,0,0.00,0.00
1400, TA6,0,0.00,0.00
1410, TA6,0,0.00,0.00
1420, TA6,0,0.00,0.00
1430, TA6,0,0.00,0.00
1440, TA6,0,0.00,0.00
1450, TA6,0,0.00,0.00
1460, TA6,0,0.00,0.00
1470, TA6,0,0.00,0.00
1480, TA6,0,0.00,0.00
1490, TA6,0,0.00,0.00
1500, TA6,0,0.00,0.00
1510, TA6,0,0.00,0.00
1520, TA6,0,0.00,0.00
1530, TA6,0,0.00,0.00
1540, TA6,0,0.00,0.00
1550, TA6,0,0.00,0.00
1560, TA6,0,0.00,0.00
1570, TA6,0,0.00,0.00
1580, TA6,0,0.00,0.00
1590, TA6,0,0.00,0.00
1600, TA6,0,0.00,0.00
1610, TA6,0,0.00,0.00
1620, TA6,0,0.00,0.00
1630, TA6,0,0.00,0.00
1640, TA6,0,0.00,0.00
1650, TA6,0,0.00,0.00
1660, TA6,0,0.00,0.00
1670, TA6,0,0.00,0.00
1680, TA6,0,0.00,0.00
1690, TA6,0,0.00,0.00
1700, TA6,0,0.00,0.00
1710, TA6,0,0.00,0.00
1720, TA6,0,0.00,0.00
1730, TA6,0,0.00,0.00
1740, TA6,0,0.00,0.00
1750, TA6,0,0.00,0.00
1760, TA6,0,0.00,0.00
1770, TA6,0,0.00,0.00
1780, TA6,0,0.00,0.00
1790, TA6,0,0.00,0.00
1800, TA6,0,0.00,0.00
0, TA7,0,0.00,0.00
10, TA7,0,0.00,0.00
20, TA7,0,0.00,0.00
30, TA7,0,0.00,0.00
40, TA7,0,0.00,0.00
50, TA7,0,0.00,0.00
60, TA7,0,0.00,0.00
70, TA7,0,0.00,0.00
80, TA7,0,0.00,0.00
90, TA7,0,0.00,0.00
100, TA7,0,0.00,0.00
110, TA7,0,0.00,0.00
120, TA7,0,0.00,0.00
130, TA7,0,0.00,0.00
140, TA7,0,0.00,0.00
150, TA7,0,0.00,0.00
160, TA7,0,0.00,0.00
170, TA7,0,0.00,0.00
180, TA7,0,0.00,0.00
190, TA7,0,0.00,0.00
200, TA7,0,0.00,0.00
210, TA7,0,0.00,0.00
220, TA7,0,0.00,0.00
230, TA7,0,0.00,0.00
240, TA7,0,0.00,0.00
250, TA7,0,0.00,0.00
260, TA7,0,0.00,0.00
270, TA7,0,0.00,0.00
280, TA7,0,0.00,0.00
290, TA7,0,0.00,0.00
300, TA7,0,0.00,0.00
310, TA7,0,0.00,0.00
320, TA7,0,0.00,0.00
330, TA7,0,0.00,0.00
340, TA7,0,0.00,0.00
350, TA7,0,0.00,0.00
360, TA7,0,0.00,0.00
370, TA7,0,0.00,0.00
380, TA7,0,0.00,0.00
390, TA7,0,0.00,0.00
400, TA7,0,0.00,0.00
410, TA7,0,0.00,0.00
420, TA7,0,0.00,0.00
430, TA7,0,0.00,0.00
440, TA7,0,0.00,0.00
450, TA7,0,0.00,0.00
460, TA7,0,0.00,0.00
470, TA7,0,0.00,0.00
480, TA7,0,0.00,0.00
490, TA7,0,0.00,0.00
500, TA7,0,0.00,0.00
510, TA7,0,0.00,0.00
520, TA7,0,0.00,0.00
530, TA7,0,0.00,0.00
540, TA7,0,0.00,0.00
550, TA7,0,0.00,0.00
560, TA7,0,0.00,0.00
570, TA7,0,0.00,0.00
580, TA7,0,0.00,0.00
590, TA7,0,0.00,0.00
600, TA7,0,0.00,0.00
610, TA7,0,0.00,0.00
620, TA7,0,0.00,0.00
630, TA7,0,0.00,0.00
640, TA7,0,0.00,0.00
650, TA7,0,0.00,0.00
660, TA7,0,0.00,0.00
670, TA7,0,0.00,0.00
680, TA7,0,0.00,0.00
690, TA7,0,0.00,0.00
700, TA7,0,0.00,0.00
710, TA7,0,0.00,0.00
720, TA7,0,0.00,0.00
730, TA7,0,0.00,0.00
740, TA7,0,0.00,0.00
750, TA7,0,0.00,0.00
760, TA7,0,0.00,0.00
770, TA7,0,0.00,0.00
780, TA7,0,0.00,0.00
790, TA7,0,0.00,0.00
800, TA7,0,0.00,0.00
810, TA7,0,0.00,0.00
820, TA7,0,0.00,0.00
830, TA7,0,0.00,0.00
840, TA7,0,0.00,0.00
850, TA7,0,0.00,0.00
860, TA7,0,0.00,0.00
870, TA7,0,0.00,0.00
880, TA7,0,0.00,0.00
890, TA7,0,0.00,0.00
900, TA7,0,0.00,0.00
910, TA7,0,0.00,0.00
920, TA7,0,0.00,0.00
930, TA7,0,0.00,0.00
940, TA7,0,0.00,0.00
950, TA7,0,0.00,0.00
960, TA7,0,0.00,0.00
970, TA7,0,0.00,0.00
980, TA7,0,0.00,0.00
990, TA7,0,0.00,0.00
1000, TA7,0,0.00,0.00
1010, TA7,0,0.00,0.00
1020, TA7,0,0.00,0.00
1030, TA7,0,0.00,0.00
1040, TA7,0,0.00,0.00
1050, TA7,0,0.00,0.00
1060, TA7,0,0.00,0.00
1070, TA7,0,0.00,0.00
1080, TA7,0,0.00,0.00
1090, TA7,0,0.00,0.00
1100, TA7,0,0.00,0.00
1110, TA7,0,0.00,0.00
1120, TA7,0,0.00,0.00
1130, TA7,0,0.00,0.00
1140, TA7,0,0.00,0.00
1150, TA7,0,0.00,0.00
1160, TA7,0,0.00,0.00
1170, TA7,0,0.00,0.00
1180, TA7,0,0.00,0.00
1190, TA7,0,0.00,0.00
1200, TA7,0,0.00,0.00
1210, TA7,0,0.00,0.00
1220, TA7,0,0.00,0.00
1230, TA7,0,0.00,0.00
1240, TA7,0,0.00,0.00
1250, TA7,0,0.00,0.00
1260, TA7,0,0.00,0.00
1270, TA7,0,0.00,0.00
1280, TA7,0,0.00,0.00
1290, TA7,0,0.00,0.00
1300, TA7,0,0.00,0.00
1310, TA7,0,0.00,0.00
1320, TA7,0,0.00,0.00
1330, TA7,0,0.00,0.00
1340, TA7,0,0.00,0.00
1350, TA7,0,0.00,0.00
1360, TA7,0,0.00,0.00
1370, TA7,0,0.00,0.00
1380, TA7,0,0.00,0.00
1390, TA7,0,0.00,0.00
1400, TA7,0,0.00,0.00
1410, TA7,0,0.00,0.00
1420, TA7,0,0.00,0.00
1430, TA7,0,0.00,0.00
1440, TA7,0,0.00,0.00
1450, TA7,0,0.00,0.00
1460, TA7,0,0.00,0.00
1470, TA7,0,0.00,0.00
1480, TA7,0,0.00,0.00
1490, TA7,0,0.00,0.00
1500, TA7,0,0.00,0.00
1510, TA7,0,0.00,0.00
1520, TA7,0,0.00,0.00
1530, TA7,0,0.00,0.00
1540, TA7,0,0.00,0.00
1550, TA7,0,0.00,0.00
1560, TA7,0,0.00,0.00
1570, TA7,0,0.00,0.00
1580, TA7,0,0.00,0.00
1590, TA7,0,0.00,0.00
1600, TA7,0,0.00,0.00
1610, TA7,0,0.00,0.00
1620, TA7,0,0.00,0.00
1630, TA7,0,0.00,0.00
1640, TA7,0,0.00,0.00
1650, TA7,0,0.00,0.00
1660, TA7,0,0.00,0.00
1670, TA7,0,0.00,0.00
1680, TA7,0,0.00,0.00
1690, TA7,0,0.00,0.00
1700, TA7,0,0.00,0.00
1710, TA7,0,0.00,0.00
1720, TA7,0,0.00,0.00
1730, TA7,0,0.00,0.00
1740, TA7,0,0.00,0.00
1750, TA7,0,0.00,0.00
1760, TA7,0,0.00,0.00
1770, TA7,0,0.00,0.00
1780, TA7,0,0.00,0.00
1790, TA7,0,0.00,0.00
1800, TA7,0,0.00,0.00
0, TA8,0,0.00,0.00
10, TA8,0,0.00,0.00
20, TA8,0,0.00,0.00
30, TA8,0,0.00,0.00
40, TA8,0,0.00,0.00
50, TA8,0,0.00,0.00
60, TA8,0,0.00,0.00
70, TA8,0,0.00,0.00
80, TA8,0,0.00,0.00
90, TA8,0,0.00,0.00
100, TA8,0,0.00,0.00
110, TA8,0,0.00,0.00
120, TA8,0,0.00,0.00
130, TA8,0,0.00,0.00
140, TA8,0,0.00,0.00
150, TA8,0,0.00,0.00
160, TA8,0,0.00,0.00
170, TA8,0,0.00,0.00
180, TA8,0,0.00,0.00
190, TA8,0,0.00,0.00
200, TA8,0,0.00,0.00
210, TA8,0,0.00,0.00
220, TA8,0,0.00,0.00
230, TA8,0,0.00,0.00
240, TA8,0,0.00,0.00
250, TA8,0,0.00,0.00
260, TA8,0,0.00,0.00
270, TA8,0,0.00,0.00
280, TA8,0,0.00,0.00
290, TA8,0,0.00,0.00
300, TA8,0,0.00,0.00
310, TA8,0,0.00,0.00
320, TA8,0,0.00,0.00
330, TA8,0,0.00,0.00
340, TA8,0,0.00,0.00
350, TA8,0,0.00,0.00
360, TA8,0,0.00,0.00
370, TA8,0,0.00,0.00
380, TA8,0,0.00,0.00
390, TA8,0,0.00,0.00
400, TA8,0,0.00,0.00
410, TA8,0,0.00,0.00
420, TA8,0,0.00,0.00
430, TA8,0,0.00,0.00
440, TA8,0,0.00,0.00
450, TA8,0,0.00,0.00
460, TA8,0,0.00,0.00
470, TA8,0,0.00,0.00
480, TA8,0,0.00,0.00
490, TA8,0,0.00,0.00
500, TA8,0,0.00,0.00
510, TA8,0,0.00,0.00
520, TA8,0,0.00,0.00
530, TA8,0,0.00,0.00
540, TA8,0,0.00,0.00
550, TA8,0,0.00,0.00
560, TA8,0,0.00,0.00
570, TA8,0,0.00,0.00
580, TA8,0,0.00,0.00
590, TA8,0,0.00,0.00
600, TA8,0,0.00,0.00
610, TA8,0,0.00,0.00
620, TA8,0,0.00,0.00
630, TA8,0,0.00,0.00
640, TA8,0,0.00,0.00
650, TA8,0,0.00,0.00
660, TA8,0,0.00,0.00
670, TA8,0,0.00,0.00
680, TA8,0,0.00,0.00
690, TA8,0,0.00,0.00
700, TA8,0,0.00,0.00
710, TA8,0,0.00,0.00
720, TA8,0,0.00,0.00
730, TA8,0,0.00,0.00
740, TA8,0,0.00,0.00
750, TA8,0,0.00,0.00
760, TA8,0,0.00,0.00
770, TA8,0,0.00,0.00
780, TA8,0,0.00,0.00
790, TA8,0,0.00,0.00
800, TA8,0,0.00,0.00
810, TA8,0,0.00,0.00
820, TA8,0,0.00,0.00
830, TA8,0,0.00,0.00
840, TA8,0,0.00,0.00
850, TA8,0,0.00,0.00
860, TA8,0,0.00,0.00
870, TA8,0,0.00,0.00
880, TA8,0,0.00,0.00
890, TA8,0,0.00,0.00
900, TA8,0,0.00,0.00
910, TA8,0,0.00,0.00
920, TA8,0,0.00,0.00
930, TA8,0,0.00,0.00
940, TA8,0,0.00,0.00
950, TA8,0,0.00,0.00
960, TA8,0,0.00,0.00
970, TA8,0,0.00,0.00
980, TA8,0,0.00,0.00
990, TA8,0,0.00,0.00
1000, TA8,0,0.00,0.00
1010, TA8,0,0.00,0.00
1020, TA8,0,0.00,0.00
1030, TA8,0,0.00,0.00
1040, TA8,0,0.00,0.00
1050, TA8,0,0.00,0.00
1060, TA8,0,0.00,0.00
1070, TA8,0,0.00,0.00
1080, TA8,0,0.00,0.00
1090, TA8,0,0.00,0.00
1100, TA8,0,0.00,0.00
1110, TA8,0,0.00,0.00
1120, TA8,0,0.00,0.00
1130, TA8,0,0.00,0.00
1140, TA8,0,0.00,0.00
1150, TA8,0,0.00,0.00
1160, TA8,0,0.00,0.00
1170, TA8,0,0.00,0.00
1180, TA8,0,0.00,0.00
1190, TA8,0,0.00,0.00
1200, TA8,0,0.00,0.00
1210, TA8,0,0.00,0.00
1220, TA8,0,0.00,0.00
1230, TA8,0,0.00,0.00
1240, TA8,0,0.00,0.00
1250, TA8,0,0.00,0.00
1260, TA8,0,0.00,0.00
1270, TA8,0,0.00,0.00
1280, TA8,0,0.00,0.00
1290, TA8,0,0.00,0.00
1300, TA8,0,0.00,0.00
1310, TA8,0,0.00,0.00
1320, TA8,0,0.00,0.00
1330, TA8,0,0.00,0.00
1340, TA8,0,0.00,0.00
1350, TA8,0,0.00,0.00
1360, TA8,0,0.00,0.00
1370, TA8,0,0.00,0.00
1380, TA8,0,0.00,0.00
1390, TA8,0,0.00,0.00
1400, TA8,0,0.00,0.00
1410, TA8,0,0.00,0.00
1420, TA8,0,0.00,0.00
1430, TA8,0,0.00,0.00
1440, TA8,0,0.00,0.00
1450, TA8,0,0.00,0.00
1460, TA8,0,0.00,0.00
1470, TA8,0,0.00,0.00
1480, TA8,0,0.00,0.00
1490, TA8,0,0.00,0.00
1500, TA8,0,0.00,0.00
1510, TA8,0,0.00,0.00
1520, TA8,0,0.00,0.00
1530, TA8,0,0.00,0.00
1540, TA8,0,0.00,0.00
1550, TA8,0,0.00,0.00
1560, TA8,0,0.00,0.00
1570, TA8,0,0.00,0.00
1580, TA8,0,0.00,0.00
1590, TA8,0,0.00,0.00
1600, TA8,0,0.00,0.00
1610, TA8,0,0.00,0.00
1620, TA8,0,0.00,0.00
1630, TA8,0,0.00,0.00
1640, TA8,0,0.00,0.00
1650, TA8,0,0.00,0.00
1660, TA8,0,0.00,0.00
1670, TA8,0,0.00,0.00
1680, TA8,0,0.00,0.00
1690, TA8,0,0.00,0.00
1700, TA8,0,0.00,0.00
1710, TA8,0,0.00,0.00
1720, TA8,0,0.00,0.00
1730, TA8,0,0.00,0.00
1740, TA8,0,0.00,0.00
1750, TA8,0,0.00,0.00
1760, TA8,0,0.00,0.00
1770, TA8,0,0.00,0.00
1780, TA8,0,0.00,0.00
1790, TA8,0,0.00,0.00
1800, TA8,0,0.00,0.00
0, TA9,0,0.00,0.00
10, TA9,0,0.00,0.00
20, TA9,0,0.00,0.00
30, TA9,0,0.00,0.00
40, TA9,0,0.00,0.00
50, TA9,0,0.00,0.00
60, TA9,0,0.00,0.00
70, TA9,0,0.00,0.00
80, TA9,0,0.00,0.00
90, TA9,0,0.00,0.00
100, TA9,0,0.00,0.00
110, TA9,0,0.00,0.00
120, TA9,0,0.00,0.00
130, TA9,0,0.00,0.00
140, TA9,0,0.00,0.00
150, TA9,0,0.00,0.00
160, TA9,0,0.00,0.00
170, TA9,0,0.00,0.00
180, TA9,0,0.00,0.00
190, TA9,0,0.00,0.00
200, TA9,0,0.00,0.00
210, TA9,0,0.00,0.00
220, TA9,0,0.00,0.00
230, TA9,0,0.00,0.00
240, TA9,0,0.00,0.00
250, TA9,0,0.00,0.00
260, TA9,0,0.00,0.00
270, TA9,0,0.00,0.00
280, TA9,0,0.00,0.00
290, TA9,0,0.00,0.00
300, TA9,0,0.00,0.00
310, TA9,0,0.00,0.00
320, TA9,0,0.00,0.00
330, TA9,0,0.00,0.00
340, TA9,0,0.00,0.00
350, TA9,0,0.00,0.00
360, TA9,0,0.00,0.00
370, TA9,0,0.00,0.00
380, TA9,0,0.00,0.00
390, TA9,0,0.00,0.00
400, TA9,0,0.00,0.00
410, TA9,0,0.00,0.00
420, TA9,0,0.00,0.00
430, TA9,0,0.00,0.00
440, TA9,0,0.00,0.00
450, TA9,0,0.00,0.00
460, TA9,0,0.00,0.00
470, TA9,0,0.00,0.00
480, TA9,0,0.00,0.00
490, TA9,0,0.00,0.00
500, TA9,0,0.00,0.00
510, TA9,0,0.00,0.00
520, TA9,0,0.00,0.00
530, TA9,0,0.00,0.00
540, TA9,0,0.00,0.00
550, TA9,0,0.00,0.00
560, TA9,0,0.00,0.00
570, TA9,0,0.00,0.00
580, TA9,0,0.00,0.00
590, TA9,0,0.00,0.00
600, TA9,0,0.00,0.00
610, TA9,0,0.00,0.00
620, TA9,0,0.00,0.00
630, TA9,0,0.00,0.00
640, TA9,0,0.00,0.00
650, TA9,0,0.00,0.00
660, TA9,0,0.00,0.00
670, TA9,0,0.00,0.00
680, TA9,0,0.00,0.00
690, TA9,0,0.00,0.00
700, TA9,0,0.00,0.00
710, TA9,0,0.00,0.00
720, TA9,0,0.00,0.00
730, TA9,0,0.00,0.00
740, TA9,0,0.00,0.00
750, TA9,0,0.00,0.00
760, TA9,0,0.00,0.00
770, TA9,0,0.00,0.00
780, TA9,0,0.00,0.00
790, TA9,0,0.00,0.00
800, TA9,0,0.00,0.00
810, TA9,0,0.00,0.00
820, TA9,0,0.00,0.00
830, TA9,0,0.00,0.00
840, TA9,0,0.00,0.00
850, TA9,0,0.00,0.00
860, TA9,0,0.00,0.00
870, TA9,0,0.00,0.00
880, TA9,0,0.00,0.00
890, TA9,0,0.00,0.00
900, TA9,0,0.00,0.00
910, TA9,0,0.00,0.00
920, TA9,0,0.00,0.00
930, TA9,0,0.00,0.00
940, TA9,0,0.00,0.00
950, TA9,0,0.00,0.00
960, TA9,0,0.00,0.00
970, TA9,0,0.00,0.00
980, TA9,0,0.00,0.00
990, TA9,0,0.00,0.00
1000, TA9,0,0.00,0.00
1010, TA9,0,0.00,0.00
1020, TA9,0,0.00,0.00
1030, TA9,0,0.00,0.00
1040, TA9,0,0.00,0.00
1050, TA9,0,0.00,0.00
1060, TA9,0,0.00,0.00
1070, TA9,0,0.00,0.00
1080, TA9,0,0.00,0.00
1090, TA9,0,0.00,0.00
1100, TA9,0,0.00,0.00
1110, TA9,0,0.00,0.00
1120, TA9,0,0.00,0.00
1130, TA9,0,0.00,0.00
1140, TA9,0,0.00,0.00
1150, TA9,0,0.00,0.00
1160, TA9,0,0.00,0.00
1170, TA9,0,0.00,0.00
1180, TA9,0,0.00,0.00
1190, TA9,0,0.00,0.00
1200, TA9,0,0.00,0.00
1210, TA9,0,0.00,0.00
1220, TA9,0,0.00,0.00
1230, TA9,0,0.00,0.00
1240, TA9,0,0.00,0.00
1250, TA9,0,0.00,0.00
1260, TA9,0,0.00,0.00
1270, TA9,0,0.00,0.00
1280, TA9,0,0.00,0.00
1290, TA9,0,0.00,0.00
1300, TA9,0,0.00,0.00
1310, TA9,0,0.00,0.00
1320, TA9,0,0.00,0.00
1330, TA9,0,0.00,0.00
1340, TA9,0,0.00,0.00
1350, TA9,0,0.00,0.00
1360, TA9,0,0.00,0.00
1370, TA9,0,0.00,0.00
1380, TA9,0,0.00,0.00
1390, TA9,0,0.00,0.00
1400, TA9,0,0.00,0.00
1410, TA9,0,0.00,0.00
1420, TA9,0,0.00,0.00
1430, TA9,0,0.00,0.00
1440, TA9,0,0.00,0.00
1450, TA9,0,0.00,0.00
1460, TA9,0,0.00,0.00
1470, TA9,0,0.00,0.00
1480, TA9,0,0.00,0.00
1490, TA9,0,0.00,0.00
1500, TA9,0,0.00,0.00
1510, TA9,0,0.00,0.00
1520, TA9,0,0.00,0.00
1530, TA9,0,0.00,0.00
1540, TA9,0,0.00,0.00
1550, TA9,0,0.00,0.00
1560, TA9,0,0.00,0.00
1570, TA9,0,0.00,0.00
1580, TA9,0,0.00,0.00
1590, TA9,0,0.00,0.00
1600, TA9,0,0.00,0.00
1610, TA9,0,0.00,0.00
1620, TA9,0,0.00,0.00
1630, TA9,0,0.00,0.00
1640, TA9,0,0.00,0.00
1650, TA9,0,0.00,0.00
1660, TA9,0,0.00,0.00
1670, TA9,0,0.00,0.00
1680, TA9,0,0.00,0.00
1690, TA9,0,0.00,0.00
1700, TA9,0,0.00,0.00
1710, TA9,0,0.00,0.00
1720, TA9,0,0.00,0.00
1730, TA9,0,0.00,0.00
1740, TA9,0,0.00,0.00
1750, TA9,0,0.00,0.00
1760, TA9,0,0.00,0.00
1770, TA9,0,0.00,0.00
1780, TA9,0,0.00,0.00
1790, TA9,0,0.00,0.00
1800, TA9,0,0.00,0.00
0, TA10,0,0.00,0.00
10, TA10,0,0.00,0.00
20, TA10,0,0.00,0.00
30, TA10,0,0.00,0.00
40, TA10,0,0.00,0.00
50, TA10,0,0.00,0.00
60, TA10,0,0.00,0.00
70, TA10,0,0.00,0.00
80, TA10,0,0.00,0.00
90, TA10,0,0.00,0.00
100, TA10,0,0.00,0.00
110, TA10,0,0.00,0.00
120, TA10,0,0.00,0.00
130, TA10,0,0.00,0.00
140, TA10,0,0.00,0.00
150, TA10,0,0.00,0.00
160, TA10,0,0.00,0.00
170, TA10,0,0.00,0.00
180, TA10,0,0.00,0.00
190, TA10,0,0.00,0.00
200, TA10,0,0.00,0.00
210, TA10,0,0.00,0.00
220, TA10,0,0.00,0.00
230, TA10,0,0.00,0.00
240, TA10,0,0.00,0.00
250, TA10,0,0.00,0.00
260, TA10,0,0.00,0.00
270, TA10,0,0.00,0.00
280, TA10,0,0.00,0.00
290, TA10,0,0.00,0.00
300, TA10,0,0.00,0.00
310, TA10,0,0.00,0.00
320, TA10,0,0.00,0.00
330, TA10,0,0.00,0.00
340, TA10,0,0.00,0.00
350, TA10,0,0.00,0.00
360, TA10,0,0.00,0.00
370, TA10,0,0.00,0.00
380, TA10,0,0.00,0.00
390, TA10,0,0.00,0.00
400, TA10,0,0.00,0.00
410, TA10,0,0.00,0.00
420, TA10,0,0.00,0.00
430, TA10,0,0.00,0.00
440, TA10,0,0.00,0.00
450, TA10,0,0.00,0.00
460, TA10,0,0.00,0.00
470, TA10,0,0.00,0.00
480, TA10,0,0.00,0.00
490, TA10,0,0.00,0.00
500, TA10,0,0.00,0.00
510, TA10,0,0.00,0.00
520, TA10,0,0.00,0.00
530, TA10,0,0.00,0.00
540, TA10,0,0.00,0.00
550, TA10,0,0.00,0.00
560, TA10,0,0.00,0.00
570, TA10,0,0.00,0.00
580, TA10,0,0.00,0.00
590, TA10,0,0.00,0.00
600, TA10,0,0.00,0.00
610, TA10,0,0.00,0.00
620, TA10,0,0.00,0.00
630, TA10,0,0.00,0.00
640, TA10,0,0.00,0.00
650, TA10,0,0.00,0.00
660, TA10,0,0.00,0.00
670, TA10,0,0.00,0.00
680, TA10,0,0.00,0.00
690, TA10,0,0.00,0.00
700, TA10,0,0.00,0.00
710, TA10,0,0.00,0.00
720, TA10,0,0.00,0.00
730, TA10,0,0.00,0.00
740, TA10,0,0.00,0.00
750, TA10,0,0.00,0.00
760, TA10,0,0.00,0.00
770, TA10,0,0.00,0.00
780, TA10,0,0.00,0.00
790, TA10,0,0.00,0.00
800, TA10,0,0.00,0.00
810, TA10,0,0.00,0.00
820, TA10,0,0.00,0.00
830, TA10,0,0.00,0.00
840, TA10,0,0.00,0.00
850, TA10,0,0.00,0.00
860, TA10,0,0.00,0.00
870, TA10,0,0.00,0.00
880, TA10,0,0.00,0.00
890, TA10,0,0.00,0.00
900, TA10,0,0.00,0.00
910, TA10,0,0.00,0.00
920, TA10,0,0.00,0.00
930, TA10,0,0.00,0.00
940, TA10,0,0.00,0.00
950, TA10,0,0.00,0.00
960, TA10,0,0.00,0.00
970, TA10,0,0.00,0.00
980, TA10,0,0.00,0.00
990, TA10,0,0.00,0.00
1000, TA10,0,0.00,0.00
1010, TA10,0,0.00,0.00
1020, TA10,0,0.00,0.00
1030, TA10,0,0.00,0.00
1040, TA10,0,0.00,0.00
1050, TA10,0,0.00,0.00
1060, TA10,0,0.00,0.00
1070, TA10,0,0.00,0.00
1080, TA10,0,0.00,0.00
1090, TA10,0,0.00,0.00
1100, TA10,0,0.00,0.00
1110, TA10,0,0.00,0.00
1120, TA10,0,0.00,0.00
1130, TA10,0,0.00,0.00
1140, TA10,0,0.00,0.00
1150, TA10,0,0.00,0.00
1160, TA10,0,0.00,0.00
1170, TA10,0,0.00,0.00
1180, TA10,0,0.00,0.00
1190, TA10,0,0.00,0.00
1200, TA10,0,0.00,0.00
1210, TA10,0,0.00,0.00
1220, TA10,0,0.00,0.00
1230, TA10,0,0.00,0.00
1240, TA10,0,0.00,0.00
1250, TA10,0,0.00,0.00
1260, TA10,0,0.00,0.00
1270, TA10,0,0.00,0.00
1280, TA10,0,0.00,0.00
1290, TA10,0,0.00,0.00
1300, TA10,0,0.00,0.00
1310, TA10,0,0.00,0.00
1320, TA10,0,0.00,0.00
1330, TA10,0,0.00,0.00
1340, TA10,0,0.00,0.00
1350, TA10,0,0.00,0.00
1360, TA10,0,0.00,0.00
1370, TA10,0,0.00,0.00
1380, TA10,0,0.00,0.00
1390, TA10,0,0.00,0.00
1400, TA10,0,0.00,0.00
1410, TA10,0,0.00,0.00
1420, TA10,0,0.00,0.00
1430, TA10,0,0.00,0.00
1440, TA10,0,0.00,0.00
1450, TA10,0,0.00,0.00
1460, TA10,0,0.00,0.00
1470, TA10,0,0.00,0.00
1480, TA10,0,0.00,0.00
1490, TA10,0,0.00,0.00
1500, TA10,0,0.00,0.00
1510, TA10,0,0.00,0.00
1520, TA10,0,0.00,0.00
1530, TA10,0,0.00,0.00
1540, TA10,0,0.00,0.00
1550, TA10,0,0.00,0.00
1560, TA10,0,0.00,0.00
1570, TA10,0,0.00,0.00
1580, TA10,0,0.00,0.00
1590, TA10,0,0.00,0.00
1600, TA10,0,0.00,0.00
1610, TA10,0,0.00,0.00
1620, TA10,0,0.00,0.00
1630, TA10,0,0.00,0.00
1640, TA10,0,0.00,0.00
1650, TA10,0,0.00,0.00
1660, TA10,0,0.00,0.00
1670, TA10,0,0.00,0.00
1680, TA10,0,0.00,0.00
1690, TA10,0,0.00,0.00
1700, TA10,0,0.00,0.00
1710, TA10,0,0.00,0.00
1720, TA10,0,0.00,0.00
1730, TA10,0,0.00,0.00
1740, TA10,0,0.00,0.00
1750, TA10,0,0.00,0.00
1760, TA10,0,0.00,0.00
1770, TA10,0,0.00,0.00
1780, TA10,0,0.00,0.00
1790, TA10,0,0.00,0.00
1800, TA10,0,0.00,0.00
0, TA11,0,0.00,0.00
10, TA11,0,0.00,0.00
20, TA11,0,0.00,0.00
30, TA11,0,0.00,0.00
40, TA11,0,0.00,0.00
50, TA11,0,0.00,0.00
60, TA11,0,0.00,0.00
70, TA11,0,0.00,0.00
80, TA11,0,0.00,0.00
90, TA11,0,0.00,0.00
100, TA11,0,0.00,0.00
110, TA11,0,0.00,0.00
120, TA11,0,0.00,0.00
130, TA11,0,0.00,0.00
140, TA11,0,0.00,0.00
150, TA11,0,0.00,0.00
160, TA11,0,0.00,0.00
170, TA11,0,0.00,0.00
180, TA11,0,0.00,0.00
190, TA11,0,0.00,0.00
200, TA11,0,0.00,0.00
210, TA11,0,0.00,0.00
220, TA11,0,0.00,0.00
230, TA11,0,0.00,0.00
240, TA11,0,0.00,0.00
250, TA11,0,0.00,0.00
260, TA11,0,0.00,0.00
270, TA11,0,0.00,0.00
280, TA11,0,0.00,0.00
290, TA11,0,0.00,0.00
300, TA11,0,0.00,0.00
310, TA11,0,0.00,0.00
320, TA11,0,0.00,0.00
330, TA11,0,0.00,0.00
340, TA11,0,0.00,0.00
350, TA11,0,0.00,0.00
360, TA11,0,0.00,0.00
370, TA11,0,0.00,0.00
380, TA11,0,0.00,0.00
390, TA11,0,0.00,0.00
400, TA11,0,0.00,0.00
410, TA11,0,0.00,0.00
420, TA11,0,0.00,0.00
430, TA11,0,0.00,0.00
440, TA11,0,0.00,0.00
450, TA11,0,0.00,0.00
460, TA11,0,0.00,0.00
470, TA11,0,0.00,0.00
480, TA11,0,0.00,0.00
490, TA11,0,0.00,0.00
500, TA11,0,0.00,0.00
510, TA11,0,0.00,0.00
520, TA11,0,0.00,0.00
530, TA11,0,0.00,0.00
540, TA11,0,0.00,0.00
550, TA11,0,0.00,0.00
560, TA11,0,0.00,0.00
570, TA11,0,0.00,0.00
580, TA11,0,0.00,0.00
590, TA11,0,0.00,0.00
600, TA11,0,0.00,0.00
610, TA11,0,0.00,0.00
620, TA11,0,0.00,0.00
630, TA11,0,0.00,0.00
640, TA11,0,0.00,0.00
650, TA11,0,0.00,0.00
660, TA11,0,0.00,0.00
670, TA11,0,0.00,0.00
680, TA11,0,0.00,0.00
690, TA11,0,0.00,0.00
700, TA11,0,0.00,0.00
710, TA11,0,0.00,0.00
720, TA11,0,0.00,0.00
730, TA11,0,0.00,0.00
740, TA11,0,0.00,0.00
750, TA11,0,0.00,0.00
760, TA11,0,0.00,0.00
770, TA11,0,0.00,0.00
780, TA11,0,0.00,0.00
790, TA11,0,0.00,0.00
800, TA11,0,0.00,0.00
810, TA11,0,0.00,0.00
820, TA11,0,0.00,0.00
830, TA11,0,0.00,0.00
840, TA11,0,0.00,0.00
850, TA11,0,0.00,0.00
860, TA11,0,0.00,0.00
870, TA11,0,0.00,0.00
880, TA11,0,0.00,0.00
890, TA11,0,0.00,0.00
900, TA11,0,0.00,0.00
910, TA11,0,0.00,0.00
920, TA11,0,0.00,0.00
930, TA11,0,0.00,0.00
940, TA11,0,0.00,0.00
950, TA11,0,0.00,0.00
960, TA11,0,0.00,0.00
970, TA11,0,0.00,0.00
980, TA11,0,0.00,0.00
990, TA11,0,0.00,0.00
1000, TA11,0,0.00,0.00
1010, TA11,0,0.00,0.00
1020, TA11,0,0.00,0.00
1030, TA11,0,0.00,0.00
1040, TA11,0,0.00,0.00
1050, TA11,0,0.00,0.00
1060, TA11,0,0.00,0.00
1070, TA11,0,0.00,0.00
1080, TA11,0,0.00,0.00
1090, TA11,0,0.00,0.00
1100, TA11,0,0.00,0.00
1110, TA11,0,0.00,0.00
1120, TA11,0,0.00,0.00
1130, TA11,0,0.00,0.00
1140, TA11,0,0.00,0.00
1150, TA11,0,0.00,0.00
1160, TA11,0,0.00,0.00
1170, TA11,0,0.00,0.00
1180, TA11,0,0.00,0.00
1190, TA11,0,0.00,0.00
1200, TA11,0,0.00,0.00
1210, TA11,0,0.00,0.00
1220, TA11,0,0.00,0.00
1230, TA11,0,0.00,0.00
1240, TA11,0,0.00,0.00
1250, TA11,0,0.00,0.00
1260, TA11,0,0.00,0.00
1270, TA11,0,0.00,0.00
1280, TA11,0,0.00,0.00
1290, TA11,0,0.00,0.00
1300, TA11,0,0.00,0.00
1310, TA11,0,0.00,0.00
1320, TA11,0,0.00,0.00
1330, TA11,0,0.00,0.00
1340, TA11,0,0.00,0.00
1350, TA11,0,0.00,0.00
1360, TA11,0,0.00,0.00
1370, TA11,0,0.00,0.00
1380, TA11,0,0.00,0.00
1390, TA11,0,0.00,0.00
1400, TA11,0,0.00,0.00
1410, TA11,0,0.00,0.00
1420, TA11,0,0.00,0.00
1430, TA11,0,0.00,0.00
1440, TA11,0,0.00,0.00
1450, TA11,0,0.00,0.00
1460, TA11,0,0.00,0.00
1470, TA11,0,0.00,0.00
1480, TA11,0,0.00,0.00
1490, TA11,0,0.00,0.00
1500, TA11,0,0.00,0.00
1510, TA11,0,0.00,0.00
1520, TA11,0,0.00,0.00
1530, TA11,0,0.00,0.00
1540, TA11,0,0.00,0.00
1550, TA11,0,0.00,0.00
1560, TA11,0,0.00,0.00
1570, TA11,0,0.00,0.00
1580, TA11,0,0.00,0.00
1590, TA11,0,0.00,0.00
1600, TA11,0,0.00,0.00
1610, TA11,0,0.00,0.00
1620, TA11,0,0.00,0.00
1630, TA11,0,0.00,0.00
1640, TA11,0,0.00,0.00
1650, TA11,0,0.00,0.00
1660, TA11,0,0.00,0.00
1670, TA11,0,0.00,0.00
1680, TA11,0,0.00,0.00
1690, TA11,0,0.00,0.00
1700, TA11,0,0.00,0.00
1710, TA11,0,0.00,0.00
1720, TA11,0,0.00,0.00
1730, TA11,0,0.00,0.00
1740, TA11,0,0.00,0.00
1750, TA11,0,0.00,0.00
1760, TA11,0,0.00,0.00
1770, TA11,0,0.00,0.00
1780, TA11,0,0.00,0.00
1790, TA11,0,0.00,0.00
1800, TA11,0,0.00,0.00
0, GR1,0,0.00,0.00
10, GR1,400000,0.00,1.00
20, GR1,400000,0.00,1.00
30, GR1,400000,0.00,1.00
40, GR1,400000,0.00,1.00
50, GR1,400000,0.00,1.00
60, GR1,400000,0.00,1.00
70, GR1,400000,0.00,1.00
80, GR1,400000,0.00,1.00
90, GR1,400000,0.00,1.00
100, GR1,400000,0.00,1.00
110, GR1,400000,0.00,1.00
120, GR1,400000,0.00,1.00
130, GR1,400000,0.00,1.00
140, GR1,400000,0.00,1.00
150, GR1,400000,0.00,1.00
160, GR1,400000,0.00,1.00
170, GR1,400000,0.00,1.00
180, GR1,400000,0.00,1.00
190, GR1,400000,0.00,1.00
200, GR1,400000,0.00,1.00
210, GR1,400000,0.00,1.00
220, GR1,400000,0.00,1.00
230, GR1,400000,0.00,1.00
240, GR1,400000,0.00,1.00
250, GR1,400000,0.00,1.00
260, GR1,400000,0.00,1.00
270, GR1,400000,0.00,1.00
280, GR1,400000,0.00,1.00
290, GR1,400000,0.00,1.00
300, GR1,400000,0.00,1.00
310, GR1,400000,0.00,1.00
320, GR1,0,0.00,0.00
330, GR1,0,0.00,0.00
340, GR1,0,0.00,0.00
350, GR1,0,0.00,0.00
360, GR1,0,0.00,0.00
370, GR1,0,0.00,0.00
380, GR1,0,0.00,0.00
390, GR1,0,0.00,0.00
400, GR1,0,0.00,0.00
410, GR1,0,0.00,0.00
420, GR1,0,0.00,0.00
430, GR1,0,0.00,0.00
440, GR1,0,0.00,0.00
450, GR1,0,0.00,0.00
460, GR1,0,0.00,0.00
470, GR1,0,0.00,0.00
480, GR1,0,0.00,0.00
490, GR1,0,0.00,0.00
500, GR1,0,0.00,0.00
510, GR1,0,0.00,0.00
520, GR1,0,0.00,0.00
530, GR1,0,0.00,0.00
540, GR1,0,0.00,0.00
550, GR1,0,0.00,0.00
560, GR1,0,0.00,0.00
570, GR1,0,0.00,0.00
580, GR1,0,0.00,0.00
590, GR1,0,0.00,0.00
600, GR1,0,0.00,0.00
610, GR1,0,0.00,0.00
620, GR1,0,0.00,0.00
630, GR1,0,0.00,0.00
640, GR1,0,0.00,0.00
650, GR1,0,0.00,0.00
660, GR1,0,0.00,0.00
670, GR1,0,0.00,0.00
680, GR1,0,0.00,0.00
690, GR1,0,0.00,0.00
700, GR1,0,0.00,0.00
710, GR1,0,0.00,0.00
720, GR1,0,0.00,0.00
730, GR1,0,0.00,0.00
740, GR1,0,0.00,0.00
750, GR1,0,0.00,0.00
760, GR1,0,0.00,0.00
770, GR1,0,0.00,0.00
780, GR1,0,0.00,0.00
790, GR1,0,0.00,0.00
800, GR1,0,0.00,0.00
810, GR1,0,0.00,0.00
820, GR1,0,0.00,0.00
830, GR1,0,0.00,0.00
840, GR1,0,0.00,0.00
850, GR1,0,0.00,0.00
860, GR1,0,0.00,0.00
870, GR1,0,0.00,0.00
880, GR1,0,0.00,0.00
890, GR1,0,0.00,0.00
900, GR1,0,0.00,0.00
910, GR1,0,0.00,0.00
920, GR1,0,0.00,0.00
930, GR1,0,0.00,0.00
940, GR1,0,0.00,0.00
950, GR1,0,0.00,0.00
960, GR1,0,0.00,0.00
970, GR1,0,0.00,0.00
980, GR1,0,0.00,0.00
990, GR1,0,0.00,0.00
1000, GR1,0,0.00,0.00
1010, GR1,0,0.00,0.00
1020, GR1,0,0.00,0.00
1030, GR1,0,0.00,0.00
1040, GR1,0,0.00,0.00
1050, GR1,0,0.00,0.00
1060, GR1,0,0.00,0.00
1070, GR1,0,0.00,0.00
1080, GR1,0,0.00,0.00
1090, GR1,0,0.00,0.00
1100, GR1,0,0.00,0.00
1110, GR1,0,0.00,0.00
1120, GR1,0,0.00,0.00
1130, GR1,0,0.00,0.00
1140, GR1,0,0.00,0.00
1150, GR1,0,0.00,0.00
1160, GR1,0,0.00,0.00
1170, GR1,0,0.00,0.00
1180, GR1,0,0.00,0.00
1190, GR1,0,0.00,0.00
1200, GR1,0,0.00,0.00
1210, GR1,0,0.00,0.00
1220, GR1,0,0.00,0.00
1230, GR1,0,0.00,0.00
1240, GR1,0,0.00,0.00
1250, GR1,0,0.00,0.00
1260, GR1,0,0.00,0.00
1270, GR1,0,0.00,0.00
1280, GR1,0,0.00,0.00
1290, GR1,0,0.00,0.00
1300, GR1,0,0.00,0.00
1310, GR1,0,0.00,0.00
1320, GR1,0,0.00,0.00
1330, GR1,0,0.00,0.00
1340, GR1,0,0.00,0.00
1350, GR1,0,0.00,0.00
1360, GR1,0,0.00,0.00
1370, GR1,0,0.00,0.00
1380, GR1,0,0.00,0.00
1390, GR1,0,0.00,0.00
1400, GR1,0,0.00,0.00
1410, GR1,0,0.00,0.00
1420, GR1,0,0.00,0.00
1430, GR1,0,0.00,0.00
1440, GR1,0,0.00,0.00
1450, GR1,0,0.00,0.00
1460, GR1,0,0.00,0.00
1470, GR1,0,0.00,0.00
1480, GR1,0,0.00,0.00
1490, GR1,0,0.00,0.00
1500, GR1,0,0.00,0.00
1510, GR1,0,0.00,0.00
1520, GR1,0,0.00,0.00
1530, GR1,0,0.00,0.00
1540, GR1,0,0.00,0.00
1550, GR1,0,0.00,0.00
1560, GR1,0,0.00,0.00
1570, GR1,0,0.00,0.00
1580, GR1,0,0.00,0.00
1590, GR1,0,0.00,0.00
1600, GR1,0,0.00,0.00
1610, GR1,0,0.00,0.00
1620, GR1,0,0.00,0.00
1630, GR1,0,0.00,0.00
1640, GR1,0,0.00,0.00
1650, GR1,0,0.00,0.00
1660, GR1,0,0.00,0.00
1670, GR1,0,0.00,0.00
1680, GR1,0,0.00,0.00
1690, GR1,0,0.00,0.00
1700, GR1,0,0.00,0.00
1710, GR1,0,0.00,0.00
1720, GR1,0,0.00,0.00
1730, GR1,0,0.00,0.00
1740, GR1,0,0.00,0.00
1750, GR1,0,0.00,0.00
1760, GR1,0,0.00,0.00
1770, GR1,0,0.00,0.00
1780, GR1,0,0.00,0.00
1790, GR1,0,0.00,0.00
1800, GR1,0,0.00,0.00
0, GR2,0,0.00,0.00
10, GR2,0,0.00,0.00
20, GR2,0,0.00,0.00
30, GR2,0,0.00,0.00
40, GR2,0,0.00,0.00
50, GR2,0,0.00,0.00
60, GR2,0,0.00,0.00
70, GR2,0,0.00,0.00
80, GR2,0,0.00,0.00
90, GR2,0,0.00,0.00
100, GR2,0,0.00,0.00
110, GR2,0,0.00,0.00
120, GR2,0,0.00,0.00
130, GR2,0,0.00,0.00
140, GR2,0,0.00,0.00
150, GR2,0,0.00,0.00
160, GR2,0,0.00,0.00
170, GR2,0,0.00,0.00
180, GR2,0,0.00,0.00
190, GR2,0,0.00,0.00
200, GR2,0,0.00,0.00
210, GR2,0,0.00,0.00
220, GR2,0,0.00,0.00
230, GR2,0,0.00,0.00
240, GR2,0,0.00,0.00
250, GR2,0,0.00,0.00
260, GR2,0,0.00,0.00
270, GR2,0,0.00,0.00
280, GR2,0,0.00,0.00
290, GR2,0,0.00,0.00
300, GR2,0,0.00,0.00
310, GR2,0,0.00,0.00
320, GR2,0,0.00,0.00
330, GR2,0,0.00,0.00
340, GR2,0,0.00,0.00
350, GR2,0,0.00,0.00
360, GR2,0,0.00,0.00
370, GR2,0,0.00,0.00
380, GR2,0,0.00,0.00
390, GR2,0,0.00,0.00
400, GR2,0,0.00,0.00
410, GR2,0,0.00,0.00
420, GR2,0,0.00,0.00
430, GR2,0,0.00,0.00
440, GR2,0,0.00,0.00
450, GR2,0,0.00,0.00
460, GR2,0,0.00,0.00
470, GR2,0,0.00,0.00
480, GR2,0,0.00,0.00
490, GR2,0,0.00,0.00
500, GR2,0,0.00,0.00
510, GR2,0,0.00,0.00
520, GR2,0,0.00,0.00
530, GR2,0,0.00,0.00
540, GR2,0,0.00,0.00
550, GR2,0,0.00,0.00
560, GR2,0,0.00,0.00
570, GR2,0,0.00,0.00
580, GR2,0,0.00,0.00
590, GR2,0,0.00,0.00
600, GR2,0,0.00,0.00
610, GR2,0,0.00,0.00
620, GR2,0,0.00,0.00
630, GR2,0,0.00,0.00
640, GR2,0,0.00,0.00
650, GR2,0,0.00,0.00
660, GR2,0,0.00,0.00
670, GR2,0,0.00,0.00
680, GR2,0,0.00,0.00
690, GR2,0,0.00,0.00
700, GR2,0,0.00,0.00
710, GR2,0,0.00,0.00
720, GR2,0,0.00,0.00
730, GR2,0,0.00,0.00
740, GR2,0,0.00,0.00
750, GR2,0,0.00,0.00
760, GR2,0,0.00,0.00
770, GR2,0,0.00,0.00
780, GR2,0,0.00,0.00
790, GR2,0,0.00,0.00
800, GR2,0,0.00,0.00
810, GR2,0,0.00,0.00
820, GR2,0,0.00,0.00
830, GR2,0,0.00,0.00
840, GR2,0,0.00,0.00
850, GR2,0,0.00,0.00
860, GR2,0,0.00,0.00
870, GR2,0,0.00,0.00
880, GR2,0,0.00,0.00
890, GR2,0,0.00,0.00
900, GR2,0,0.00,0.00
910, GR2,0,0.00,0.00
920, GR2,0,0.00,0.00
930, GR2,0,0.00,0.00
940, GR2,0,0.00,0.00
950, GR2,0,0.00,0.00
960, GR2,0,0.00,0.00
970, GR2,0,0.00,0.00
980, GR2,0,0.00,0.00
990, GR2,0,0.00,0.00
1000, GR2,0,0.00,0.00
1010, GR2,0,0.00,0.00
1020, GR2,0,0.00,0.00
1030, GR2,0,0.00,0.00
1040, GR2,0,0.00,0.00
1050, GR2,0,0.00,0.00
1060, GR2,0,0.00,0.00
1070, GR2,0,0.00,0.00
1080, GR2,0,0.00,0.00
1090, GR2,0,0.00,0.00
1100, GR2,0,0.00,0.00
1110, GR2,0,0.00,0.00
1120, GR2,0,0.00,0.00
1130, GR2,0,0.00,0.00
1140, GR2,0,0.00,0.00
1150, GR2,0,0.00,0.00
1160, GR2,0,0.00,0.00
1170, GR2,0,0.00,0.00
1180, GR2,0,0.00,0.00
1190, GR2,0,0.00,0.00
1200, GR2,0,0.00,0.00
1210, GR2,0,0.00,0.00
1220, GR2,0,0.00,0.00
1230, GR2,0,0.00,0.00
1240, GR2,0,0.00,0.00
1250, GR2,0,0.00,0.00
1260, GR2,0,0.00,0.00
1270, GR2,0,0.00,0.00
1280, GR2,0,0.00,0.00
1290, GR2,0,0.00,0.00
1300, GR2,0,0.00,0.00
1310, GR2,0,0.00,0.00
1320, GR2,0,0.00,0.00
1330, GR2,0,0.00,0.00
1340, GR2,0,0.00,0.00
1350, GR2,0,0.00,0.00
1360, GR2,0,0.00,0.00
1370, GR2,0,0.00,0.00
1380, GR2,0,0.00,0.00
1390, GR2,0,0.00,0.00
1400, GR2,0,0.00,0.00
1410, GR2,0,0.00,0.00
1420, GR2,0,0.00,0.00
1430, GR2,0,0.00,0.00
1440, GR2,0,0.00,0.00
1450, GR2,0,0.00,0.00
1460, GR2,0,0.00,0.00
1470, GR2,0,0.00,0.00
1480, GR2,0,0.00,0.00
1490, GR2,0,0.00,0.00
1500, GR2,0,0.00,0.00
1510, GR2,0,0.00,0.00
1520, GR2,0,0.00,0.00
1530, GR2,0,0.00,0.00
1540, GR2,0,0.00,0.00
1550, GR2,0,0.00,0.00
1560, GR2,0,0.00,0.00
1570, GR2,0,0.00,0.00
1580, GR2,0,0.00,0.00
1590, GR2,0,0.00,0.00
1600, GR2,0,0.00,0.00
1610, GR2,0,0.00,0.00
1620, GR2,0,0.00,0.00
1630, GR2,0,0.00,0.00
1640, GR2,0,0.00,0.00
1650, GR2,0,0.00,0.00
1660, GR2,0,0.00,0.00
1670, GR2,0,0.00,0.00
1680, GR2,0,0.00,0.00
1690, GR2,0,0.00,0.00
1700, GR2,0,0.00,0.00
1710, GR2,0,0.00,0.00
1720, GR2,0,0.00,0.00
1730, GR2,0,0.00,0.00
1740, GR2,0,0.00,0.00
1750, GR2,0,0.00,0.00
1760, GR2,0,0.00,0.00
1770, GR2,0,0.00,0.00
1780, GR2,0,0.00,0.00
1790, GR2,0,0.00,0.00
1800, GR2,0,0.00,0.00
0, GR3,0,0.00,0.00
10, GR3,0,0.00,0.00
20, GR3,0,0.00,0.00
30, GR3,0,0.00,0.00
40, GR3,0,0.00,0.00
50, GR3,0,0.00,0.00
60, GR3,0,0.00,0.00
70, GR3,0,0.00,0.00
80, GR3,0,0.00,0.00
90, GR3,0,0.00,0.00
100, GR3,0,0.00,0.00
110, GR3,0,0.00,0.00
120, GR3,0,0.00,0.00
130, GR3,0,0.00,0.00
140, GR3,0,0.00,0.00
150, GR3,0,0.00,0.00
160, GR3,0,0.00,0.00
170, GR3,0,0.00,0.00
180, GR3,0,0.00,0.00
190, GR3,0,0.00,0.00
200, GR3,0,0.00,0.00
210, GR3,0,0.00,0.00
220, GR3,0,0.00,0.00
230, GR3,0,0.00,0.00
240, GR3,0,0.00,0.00
250, GR3,0,0.00,0.00
260, GR3,0,0.00,0.00
270, GR3,0,0.00,0.00
280, GR3,0,0.00,0.00
290, GR3,0,0.00,0.00
300, GR3,0,0.00,0.00
310, GR3,0,0.00,0.00
320, GR3,0,0.00,0.00
330, GR3,0,0.00,0.00
340, GR3,0,0.00,0.00
350, GR3,0,0.00,0.00
360, GR3,0,0.00,0.00
370, GR3,0,0.00,0.00
380, GR3,0,0.00,0.00
390, GR3,0,0.00,0.00
400, GR3,0,0.00,0.00
410, GR3,0,0.00,0.00
420, GR3,0,0.00,0.00
430, GR3,0,0.00,0.00
440, GR3,0,0.00,0.00
450, GR3,0,0.00,0.00
460, GR3,0,0.00,0.00
470, GR3,0,0.00,0.00
480, GR3,0,0.00,0.00
490, GR3,0,0.00,0.00
500, GR3,0,0.00,0.00
510, GR3,0,0.00,0.00
520, GR3,0,0.00,0.00
530, GR3,0,0.00,0.00
540, GR3,0,0.00,0.00
550, GR3,0,0.00,0.00
560, GR3,0,0.00,0.00
570, GR3,0,0.00,0.00
580, GR3,0,0.00,0.00
590, GR3,0,0.00,0.00
600, GR3,0,0.00,0.00
610, GR3,0,0.00,0.00
620, GR3,0,0.00,0.00
630, GR3,0,0.00,0.00
640, GR3,0,0.00,0.00
650, GR3,0,0.00,0.00
660, GR3,0,0.00,0.00
670, GR3,0,0.00,0.00
680, GR3,0,0.00,0.00
690, GR3,0,0.00,0.00
700, GR3,0,0.00,0.00
710, GR3,0,0.00,0.00
720, GR3,0,0.00,0.00
730, GR3,0,0.00,0.00
740, GR3,0,0.00,0.00
750, GR3,0,0.00,0.00
760, GR3,0,0.00,0.00
770, GR3,0,0.00,0.00
780, GR3,0,0.00,0.00
790, GR3,0,0.00,0.00
800, GR3,0,0.00,0.00
810, GR3,0,0.00,0.00
820, GR3,0,0.00,0.00
830, GR3,0,0.00,0.00
840, GR3,0,0.00,0.00
850, GR3,0,0.00,0.00
860, GR3,0,0.00,0.00
870, GR3,0,0.00,0.00
880, GR3,0,0.00,0.00
890, GR3,0,0.00,0.00
900, GR3,0,0.00,0.00
910, GR3,0,0.00,0.00
920, GR3,0,0.00,0.00
930, GR3,0,0.00,0.00
940, GR3,0,0.00,0.00
950, GR3,0,0.00,0.00
960, GR3,0,0.00,0.00
970, GR3,0,0.00,0.00
980, GR3,0,0.00,0.00
990, GR3,0,0.00,0.00
1000, GR3,0,0.00,0.00
1010, GR3,0,0.00,0.00
1020, GR3,0,0.00,0.00
1030, GR3,0,0.00,0.00
1040, GR3,0,0.00,0.00
1050, GR3,0,0.00,0.00
1060, GR3,0,0.00,0.00
1070, GR3,0,0.00,0.00
1080, GR3,0,0.00,0.00
1090, GR3,0,0.00,0.00
1100, GR3,0,0.00,0.00
1110, GR3,0,0.00,0.00
1120, GR3,0,0.00,0.00
1130, GR3,0,0.00,0.00
1140, GR3,0,0.00,0.00
1150, GR3,0,0.00,0.00
1160, GR3,0,0.00,0.00
1170, GR3,0,0.00,0.00
1180, GR3,0,0.00,0.00
1190, GR3,0,0.00,0.00
1200, GR3,0,0.00,0.00
1210, GR3,0,0.00,0.00
1220, GR3,0,0.00,0.00
1230, GR3,0,0.00,0.00
1240, GR3,0,0.00,0.00
1250, GR3,0,0.00,0.00
1260, GR3,0,0.00,0.00
1270, GR3,0,0.00,0.00
1280, GR3,0,0.00,0.00
1290, GR3,0,0.00,0.00
1300, GR3,0,0.00,0.00
1310, GR3,0,0.00,0.00
1320, GR3,0,0.00,0.00
1330, GR3,0,0.00,0.00
1340, GR3,0,0.00,0.00
1350, GR3,0,0.00,0.00
1360, GR3,0,0.00,0.00
1370, GR3,0,0.00,0.00
1380, GR3,0,0.00,0.00
1390, GR3,0,0.00,0.00
1400, GR3,0,0.00,0.00
1410, GR3,0,0.00,0.00
1420, GR3,0,0.00,0.00
1430, GR3,0,0.00,0.00
1440, GR3,0,0.00,0.00
1450, GR3,0,0.00,0.00
1460, GR3,0,0.00,0.00
1470, GR3,0,0.00,0.00
1480, GR3,0,0.00,0.00
1490, GR3,0,0.00,0.00
1500, GR3,0,0.00,0.00
1510, GR3,0,0.00,0.00
1520, GR3,0,0.00,0.00
1530, GR3,0,0.00,0.00
1540, GR3,0,0.00,0.00
1550, GR3,0,0.00,0.00
1560, GR3,0,0.00,0.00
1570, GR3,0,0.00,0.00
1580, GR3,0,0.00,0.00
1590, GR3,0,0.00,0.00
1600, GR3,0,0.00,0.00
1610, GR3,0,0.00,0.00
1620, GR3,0,0.00,0.00
1630, GR3,0,0.00,0.00
1640, GR3,0,0.00,0.00
1650, GR3,0,0.00,0.00
1660, GR3,0,0.00,0.00
1670, GR3,0,0.00,0.00
1680, GR3,0,0.00,0.00
1690, GR3,0,0.00,0.00
1700, GR3,0,0.00,0.00
1710, GR3,0,0.00,0.00
1720, GR3,0,0.00,0.00
1730, GR3,0,0.00,0.00
1740, GR3,0,0.00,0.00
1750, GR3,0,0.00,0.00
1760, GR3,0,0.00,0.00
1770, GR3,0,0.00,0.00
1780, GR3,0,0.00,0.00
1790, GR3,0,0.00,0.00
1800, GR3,0,0.00,0.00
0, GR4,0,0.00,0.00
10, GR4,0,0.00,0.00
20, GR4,0,0.00,0.00
30, GR4,0,0.00,0.00
40, GR4,0,0.00,0.00
50, GR4,0,0.00,0.00
60, GR4,0,0.00,0.00
70, GR4,0,0.00,0.00
80, GR4,0,0.00,0.00
90, GR4,0,0.00,0.00
100, GR4,0,0.00,0.00
110, GR4,0,0.00,0.00
120, GR4,0,0.00,0.00
130, GR4,0,0.00,0.00
140, GR4,0,0.00,0.00
150, GR4,0,0.00,0.00
160, GR4,0,0.00,0.00
170, GR4,0,0.00,0.00
180, GR4,0,0.00,0.00
190, GR4,0,0.00,0.00
200, GR4,0,0.00,0.00
210, GR4,0,0.00,0.00
220, GR4,0,0.00,0.00
230, GR4,0,0.00,0.00
240, GR4,0,0.00,0.00
250, GR4,0,0.00,0.00
260, GR4,0,0.00,0.00
270, GR4,0,0.00,0.00
280, GR4,0,0.00,0.00
290, GR4,0,0.00,0.00
300, GR4,0,0.00,0.00
310, GR4,0,0.00,0.00
320, GR4,0,0.00,0.00
330, GR4,0,0.00,0.00
340, GR4,0,0.00,0.00
350, GR4,0,0.00,0.00
360, GR4,0,0.00,0.00
370, GR4,0,0.00,0.00
380, GR4,0,0.00,0.00
390, GR4,0,0.00,0.00
400, GR4,0,0.00,0.00
410, GR4,0,0.00,0.00
420, GR4,0,0.00,0.00
430, GR4,0,0.00,0.00
440, GR4,0,0.00,0.00
450, GR4,0,0.00,0.00
460, GR4,0,0.00,0.00
470, GR4,0,0.00,0.00
480, GR4,0,0.00,0.00
490, GR4,0,0.00,0.00
500, GR4,0,0.00,0.00
510, GR4,0,0.00,0.00
520, GR4,0,0.00,0.00
530, GR4,0,0.00,0.00
540, GR4,0,0.00,0.00
550, GR4,0,0.00,0.00
560, GR4,0,0.00,0.00
570, GR4,0,0.00,0.00
580, GR4,0,0.00,0.00
590, GR4,0,0.00,0.00
600, GR4,0,0.00,0.00
610, GR4,0,0.00,0.00
620, GR4,0,0.00,0.00
630, GR4,0,0.00,0.00
640, GR4,0,0.00,0.00
650, GR4,0,0.00,0.00
660, GR4,0,0.00,0.00
670, GR4,0,0.00,0.00
680, GR4,0,0.00,0.00
690, GR4,0,0.00,0.00
700, GR4,0,0.00,0.00
710, GR4,0,0.00,0.00
720, GR4,0,0.00,0.00
730, GR4,0,0.00,0.00
740, GR4,0,0.00,0.00
750, GR4,0,0.00,0.00
760, GR4,0,0.00,0.00
770, GR4,0,0.00,0.00
780, GR4,0,0.00,0.00
790, GR4,0,0.00,0.00
800, GR4,0,0.00,0.00
810, GR4,0,0.00,0.00
820, GR4,0,0.00,0.00
830, GR4,0,0.00,0.00
840, GR4,0,0.00,0.00
850, GR4,0,0.00,0.00
860, GR4,0,0.00,0.00
870, GR4,0,0.00,0.00
880, GR4,0,0.00,0.00
890, GR4,0,0.00,0.00
900, GR4,0,0.00,0.00
910, GR4,0,0.00,0.00
920, GR4,0,0.00,0.00
930, GR4,0,0.00,0.00
940, GR4,0,0.00,0.00
950, GR4,0,0.00,0.00
960, GR4,0,0.00,0.00
970, GR4,0,0.00,0.00
980, GR4,0,0.00,0.00
990, GR4,0,0.00,0.00
1000, GR4,0,0.00,0.00
1010, GR4,0,0.00,0.00
1020, GR4,0,0.00,0.00
1030, GR4,0,0.00,0.00
1040, GR4,0,0.00,0.00
1050, GR4,0,0.00,0.00
1060, GR4,0,0.00,0.00
1070, GR4,0,0.00,0.00
1080, GR4,0,0.00,0.00
1090, GR4,0,0.00,0.00
1100, GR4,0,0.00,0.00
1110, GR4,0,0.00,0.00
1120, GR4,0,0.00,0.00
1130, GR4,0,0.00,0.00
1140, GR4,0,0.00,0.00
1150, GR4,0,0.00,0.00
1160, GR4,0,0.00,0.00
1170, GR4,0,0.00,0.00
1180, GR4,0,0.00,0.00
1190, GR4,0,0.00,0.00
1200, GR4,0,0.00,0.00
1210, GR4,0,0.00,0.00
1220, GR4,0,0.00,0.00
1230, GR4,0,0.00,0.00
1240, GR4,0,0.00,0.00
1250, GR4,0,0.00,0.00
1260, GR4,0,0.00,0.00
1270, GR4,0,0.00,0.00
1280, GR4,0,0.00,0.00
1290, GR4,0,0.00,0.00
1300, GR4,0,0.00,0.00
1310, GR4,0,0.00,0.00
1320, GR4,0,0.00,0.00
1330, GR4,0,0.00,0.00
1340, GR4,0,0.00,0.00
1350, GR4,0,0.00,0.00
1360, GR4,0,0.00,0.00
1370, GR4,0,0.00,0.00
1380, GR4,0,0.00,0.00
1390, GR4,0,0.00,0.00
1400, GR4,0,0.00,0.00
1410, GR4,0,0.00,0.00
1420, GR4,0,0.00,0.00
1430, GR4,0,0.00,0.00
1440, GR4,0,0.00,0.00
1450, GR4,0,0.00,0.00
1460, GR4,0,0.00,0.00
1470, GR4,0,0.00,0.00
1480, GR4,0,0.00,0.00
1490, GR4,0,0.00,0.00
1500, GR4,0,0.00,0.00
1510, GR4,0,0.00,0.00
1520, GR4,0,0.00,0.00
1530, GR4,0,0.00,0.00
1540, GR4,0,0.00,0.00
1550, GR4,0,0.00,0.00
1560, GR4,0,0.00,0.00
1570, GR4,0,0.00,0.00
1580, GR4,0,0.00,0.00
1590, GR4,0,0.00,0.00
1600, GR4,0,0.00,0.00
1610, GR4,0,0.00,0.00
1620, GR4,0,0.00,0.00
1630, GR4,0,0.00,0.00
1640, GR4,0,0.00,0.00
1650, GR4,0,0.00,0.00
1660, GR4,0,0.00,0.00
1670, GR4,0,0.00,0.00
1680, GR4,0,0.00,0.00
1690, GR4,0,0.00,0.00
1700, GR4,0,0.00,0.00
1710, GR4,0,0.00,0.00
1720, GR4,0,0.00,0.00
1730, GR4,0,0.00,0.00
1740, GR4,0,0.00,0.00
1750, GR4,0,0.00,0.00
1760, GR4,0,0.00,0.00
1770, GR4,0,0.00,0.00
1780, GR4,0,0.00,0.00
1790, GR4,0,0.00,0.00
1800, GR4,0,0.00,0.00
0, GR5,0,0.00,0.00
10, GR5,0,0.00,0.00
20, GR5,0,0.00,0.00
30, GR5,0,0.00,0.00
40, GR5,0,0.00,0.00
50, GR5,0,0.00,0.00
60, GR5,0,0.00,0.00
70, GR5,0,0.00,0.00
80, GR5,0,0.00,0.00
90, GR5,0,0.00,0.00
100, GR5,0,0.00,0.00
110, GR5,0,0.00,0.00
120, GR5,0,0.00,0.00
130, GR5,0,0.00,0.00
140, GR5,0,0.00,0.00
150, GR5,0,0.00,0.00
160, GR5,0,0.00,0.00
170, GR5,0,0.00,0.00
180, GR5,0,0.00,0.00
190, GR5,0,0.00,0.00
200, GR5,0,0.00,0.00
210, GR5,0,0.00,0.00
220, GR5,0,0.00,0.00
230, GR5,0,0.00,0.00
240, GR5,0,0.00,0.00
250, GR5,0,0.00,0.00
260, GR5,0,0.00,0.00
270, GR5,0,0.00,0.00
280, GR5,0,0.00,0.00
290, GR5,0,0.00,0.00
300, GR5,0,0.00,0.00
310, GR5,0,0.00,0.00
320, GR5,0,0.00,0.00
330, GR5,0,0.00,0.00
340, GR5,0,0.00,0.00
350, GR5,0,0.00,0.00
360, GR5,0,0.00,0.00
370, GR5,0,0.00,0.00
380, GR5,0,0.00,0.00
390, GR5,0,0.00,0.00
400, GR5,0,0.00,0.00
410, GR5,0,0.00,0.00
420, GR5,0,0.00,0.00
430, GR5,0,0.00,0.00
440, GR5,0,0.00,0.00
450, GR5,0,0.00,0.00
460, GR5,0,0.00,0.00
470, GR5,0,0.00,0.00
480, GR5,0,0.00,0.00
490, GR5,0,0.00,0.00
500, GR5,0,0.00,0.00
510, GR5,0,0.00,0.00
520, GR5,0,0.00,0.00
530, GR5,0,0.00,0.00
540, GR5,0,0.00,0.00
550, GR5,0,0.00,0.00
560, GR5,0,0.00,0.00
570, GR5,0,0.00,0.00
580, GR5,0,0.00,0.00
590, GR5,0,0.00,0.00
600, GR5,0,0.00,0.00
610, GR5,0,0.00,0.00
620, GR5,0,0.00,0.00
630, GR5,0,0.00,0.00
640, GR5,0,0.00,0.00
650, GR5,0,0.00,0.00
660, GR5,0,0.00,0.00
670, GR5,0,0.00,0.00
680, GR5,0,0.00,0.00
690, GR5,0,0.00,0.00
700, GR5,0,0.00,0.00
710, GR5,0,0.00,0.00
720, GR5,0,0.00,0.00
730, GR5,0,0.00,0.00
740, GR5,0,0.00,0.00
750, GR5,0,0.00,0.00
760, GR5,0,0.00,0.00
770, GR5,0,0.00,0.00
780, GR5,0,0.00,0.00
790, GR5,0,0.00,0.00
800, GR5,0,0.00,0.00
810, GR5,0,0.00,0.00
820, GR5,0,0.00,0.00
830, GR5,0,0.00,0.00
840, GR5,0,0.00,0.00
850, GR5,0,0.00,0.00
860, GR5,0,0.00,0.00
870, GR5,0,0.00,0.00
880, GR5,0,0.00,0.00
890, GR5,0,0.00,0.00
900, GR5,0,0.00,0.00
910, GR5,0,0.00,0.00
920, GR5,0,0.00,0.00
930, GR5,0,0.00,0.00
940, GR5,0,0.00,0.00
950, GR5,0,0.00,0.00
960, GR5,0,0.00,0.00
970, GR5,0,0.00,0.00
980, GR5,0,0.00,0.00
990, GR5,0,0.00,0.00
1000, GR5,0,0.00,0.00
1010, GR5,0,0.00,0.00
1020, GR5,0,0.00,0.00
1030, GR5,0,0.00,0.00
1040, GR5,0,0.00,0.00
1050, GR5,0,0.00,0.00
1060, GR5,0,0.00,0.00
1070, GR5,0,0.00,0.00
1080, GR5,0,0.00,0.00
1090, GR5,0,0.00,0.00
1100, GR5,0,0.00,0.00
1110, GR5,0,0.00,0.00
1120, GR5,0,0.00,0.00
1130, GR5,0,0.00,0.00
1140, GR5,0,0.00,0.00
1150, GR5,0,0.00,0.00
1160, GR5,0,0.00,0.00
1170, GR5,0,0.00,0.00
1180, GR5,0,0.00,0.00
1190, GR5,0,0.00,0.00
1200, GR5,0,0.00,0.00
1210, GR5,0,0.00,0.00
1220, GR5,0,0.00,0.00
1230, GR5,0,0.00,0.00
1240, GR5,0,0.00,0.00
1250, GR5,0,0.00,0.00
1260, GR5,0,0.00,0.00
1270, GR5,0,0.00,0.00
1280, GR5,0,0.00,0.00
1290, GR5,0,0.00,0.00
1300, GR5,0,0.00,0.00
1310, GR5,0,0.00,0.00
1320, GR5,0,0.00,0.00
1330, GR5,0,0.00,0.00
1340, GR5,0,0.00,0.00
1350, GR5,0,0.00,0.00
1360, GR5,0,0.00,0.00
1370, GR5,0,0.00,0.00
1380, GR5,0,0.00,0.00
1390, GR5,0,0.00,0.00
1400, GR5,0,0.00,0.00
1410, GR5,0,0.00,0.00
1420, GR5,0,0.00,0.00
1430, GR5,0,0.00,0.00
1440, GR5,0,0.00,0.00
1450, GR5,0,0.00,0.00
1460, GR5,0,0.00,0.00
1470, GR5,0,0.00,0.00
1480, GR5,0,0.00,0.00
1490, GR5,0,0.00,0.00
1500, GR5,0,0.00,0.00
1510, GR5,0,0.00,0.00
1520, GR5,0,0.00,0.00
1530, GR5,0,0.00,0.00
1540, GR5,0,0.00,0.00
1550, GR5,0,0.00,0.00
1560, GR5,0,0.00,0.00
1570, GR5,0,0.00,0.00
1580, GR5,0,0.00,0.00
1590, GR5,0,0.00,0.00
1600, GR5,0,0.00,0.00
1610, GR5,0,0.00,0.00
1620, GR5,0,0.00,0.00
1630, GR5,0,0.00,0.00
1640, GR5,0,0.00,0.00
1650, GR5,0,0.00,0.00
1660, GR5,0,0.00,0.00
1670, GR5,0,0.00,0.00
1680, GR5,0,0.00,0.00
1690, GR5,0,0.00,0.00
1700, GR5,0,0.00,0.00
1710, GR5,0,0.00,0.00
1720, GR5,0,0.00,0.00
1730, GR5,0,0.00,0.00
1740, GR5,0,0.00,0.00
1750, GR5,0,0.00,0.00
1760, GR5,0,0.00,0.00
1770, GR5,0,0.00,0.00
1780, GR5,0,0.00,0.00
1790, GR5,0,0.00,0.00
1800, GR5,0,0.00,0.00
0, GR6,0,0.00,0.00
10, GR6,0,0.00,0.00
20, GR6,0,0.00,0.00
30, GR6,0,0.00,0.00
40, GR6,0,0.00,0.00
50, GR6,0,0.00,0.00
60, GR6,0,0.00,0.00
70, GR6,0,0.00,0.00
80, GR6,0,0.00,0.00
90, GR6,0,0.00,0.00
100, GR6,0,0.00,0.00
110, GR6,0,0.00,0.00
120, GR6,0,0.00,0.00
130, GR6,0,0.00,0.00
140, GR6,0,0.00,0.00
150, GR6,0,0.00,0.00
160, GR6,0,0.00,0.00
170, GR6,0,0.00,0.00
180, GR6,0,0.00,0.00
190, GR6,0,0.00,0.00
200, GR6,0,0.00,0.00
210, GR6,0,0.00,0.00
220, GR6,0,0.00,0.00
230, GR6,0,0.00,0.00
240, GR6,0,0.00,0.00
250, GR6,0,0.00,0.00
260, GR6,0,0.00,0.00
270, GR6,0,0.00,0.00
280, GR6,0,0.00,0.00
290, GR6,0,0.00,0.00
300, GR6,0,0.00,0.00
310, GR6,0,0.00,0.00
320, GR6,0,0.00,0.00
330, GR6,0,0.00,0.00
340, GR6,0,0.00,0.00
350, GR6,0,0.00,0.00
360, GR6,0,0.00,0.00
370, GR6,0,0.00,0.00
380, GR6,0,0.00,0.00
390, GR6,0,0.00,0.00
400, GR6,0,0.00,0.00
410, GR6,0,0.00,0.00
420, GR6,0,0.00,0.00
430, GR6,0,0.00,0.00
440, GR6,0,0.00,0.00
450, GR6,0,0.00,0.00
460, GR6,0,0.00,0.00
470, GR6,0,0.00,0.00
480, GR6,0,0.00,0.00
490, GR6,0,0.00,0.00
500, GR6,0,0.00,0.00
510, GR6,0,0.00,0.00
520, GR6,0,0.00,0.00
530, GR6,0,0.00,0.00
540, GR6,0,0.00,0.00
550, GR6,0,0.00,0.00
560, GR6,0,0.00,0.00
570, GR6,0,0.00,0.00
580, GR6,0,0.00,0.00
590, GR6,0,0.00,0.00
600, GR6,0,0.00,0.00
610, GR6,0,0.00,0.00
620, GR6,0,0.00,0.00
630, GR6,0,0.00,0.00
640, GR6,0,0.00,0.00
650, GR6,0,0.00,0.00
660, GR6,0,0.00,0.00
670, GR6,0,0.00,0.00
680, GR6,0,0.00,0.00
690, GR6,0,0.00,0.00
700, GR6,0,0.00,0.00
710, GR6,0,0.00,0.00
720, GR6,0,0.00,0.00
730, GR6,0,0.00,0.00
740, GR6,0,0.00,0.00
750, GR6,0,0.00,0.00
760, GR6,0,0.00,0.00
770, GR6,0,0.00,0.00
780, GR6,0,0.00,0.00
790, GR6,0,0.00,0.00
800, GR6,0,0.00,0.00
810, GR6,0,0.00,0.00
820, GR6,0,0.00,0.00
830, GR6,0,0.00,0.00
840, GR6,0,0.00,0.00
850, GR6,0,0.00,0.00
860, GR6,0,0.00,0.00
870, GR6,0,0.00,0.00
880, GR6,0,0.00,0.00
890, GR6,0,0.00,0.00
900, GR6,0,0.00,0.00
910, GR6,0,0.00,0.00
920, GR6,0,0.00,0.00
930, GR6,0,0.00,0.00
940, GR6,0,0.00,0.00
950, GR6,0,0.00,0.00
960, GR6,0,0.00,0.00
970, GR6,0,0.00,0.00
980, GR6,0,0.00,0.00
990, GR6,0,0.00,0.00
1000, GR6,0,0.00,0.00
1010, GR6,0,0.00,0.00
1020, GR6,0,0.00,0.00
1030, GR6,0,0.00,0.00
1040, GR6,0,0.00,0.00
1050, GR6,0,0.00,0.00
1060, GR6,0,0.00,0.00
1070, GR6,0,0.00,0.00
1080, GR6,0,0.00,0.00
1090, GR6,0,0.00,0.00
1100, GR6,0,0.00,0.00
1110, GR6,0,0.00,0.00
1120, GR6,0,0.00,0.00
1130, GR6,0,0.00,0.00
1140, GR6,0,0.00,0.00
1150, GR6,0,0.00,0.00
1160, GR6,0,0.00,0.00
1170, GR6,0,0.00,0.00
1180, GR6,0,0.00,0.00
1190, GR6,0,0.00,0.00
1200, GR6,0,0.00,0.00
1210, GR6,0,0.00,0.00
1220, GR6,0,0.00,0.00
1230, GR6,0,0.00,0.00
1240, GR6,0,0.00,0.00
1250, GR6,0,0.00,0.00
1260, GR6,0,0.00,0.00
1270, GR6,0,0.00,0.00
1280, GR6,0,0.00,0.00
1290, GR6,0,0.00,0.00
1300, GR6,0,0.00,0.00
1310, GR6,0,0.00,0.00
1320, GR6,0,0.00,0.00
1330, GR6,0,0.00,0.00
1340, GR6,0,0.00,0.00
1350, GR6,0,0.00,0.00
1360, GR6,0,0.00,0.00
1370, GR6,0,0.00,0.00
1380, GR6,0,0.00,0.00
1390, GR6,0,0.00,0.00
1400, GR6,0,0.00,0.00
1410, GR6,0,0.00,0.00
1420, GR6,0,0.00,0.00
1430, GR6,0,0.00,0.00
1440, GR6,0,0.00,0.00
1450, GR6,0,0.00,0.00
1460, GR6,0,0.00,0.00
1470, GR6,0,0.00,0.00
1480, GR6,0,0.00,0.00
1490, GR6,0,0.00,0.00
1500, GR6,0,0.00,0.00
1510, GR6,0,0.00,0.00
1520, GR6,0,0.00,0.00
1530, GR6,0,0.00,0.00
1540, GR6,0,0.00,0.00
1550, GR6,0,0.00,0.00
1560, GR6,0,0.00,0.00
1570, GR6,0,0.00,0.00
1580, GR6,0,0.00,0.00
1590, GR6,0,0.00,0.00
1600, GR6,0,0.00,0.00
1610, GR6,0,0.00,0.00
1620, GR6,0,0.00,0.00
1630, GR6,0,0.00,0.00
1640, GR6,0,0.00,0.00
1650, GR6,0,0.00,0.00
1660, GR6,0,0.00,0.00
1670, GR6,0,0.00,0.00
1680, GR6,0,0.00,0.00
1690, GR6,0,0.00,0.00
1700, GR6,0,0.00,0.00
1710, GR6,0,0.00,0.00
1720, GR6,0,0.00,0.00
1730, GR6,0,0.00,0.00
1740, GR6,0,0.00,0.00
1750, GR6,0,0.00,0.00
1760, GR6,0,0.00,0.00
1770, GR6,0,0.00,0.00
1780, GR6,0,0.00,0.00
1790, GR6,0,0.00,0.00
1800, GR6,0,0.00,0.00
0, GR7,0,0.00,0.00
10, GR7,0,0.00,0.00
20, GR7,0,0.00,0.00
30, GR7,0,0.00,0.00
40, GR7,0,0.00,0.00
50, GR7,0,0.00,0.00
60, GR7,0,0.00,0.00
70, GR7,0,0.00,0.00
80, GR7,0,0.00,0.00
90, GR7,0,0.00,0.00
100, GR7,0,0.00,0.00
110, GR7,0,0.00,0.00
120, GR7,0,0.00,0.00
130, GR7,0,0.00,0.00
140, GR7,0,0.00,0.00
150, GR7,0,0.00,0.00
160, GR7,0,0.00,0.00
170, GR7,0,0.00,0.00
180, GR7,0,0.00,0.00
190, GR7,0,0.00,0.00
200, GR7,0,0.00,0.00
210, GR7,0,0.00,0.00
220, GR7,0,0.00,0.00
230, GR7,0,0.00,0.00
240, GR7,0,0.00,0.00
250, GR7,0,0.00,0.00
260, GR7,0,0.00,0.00
270, GR7,0,0.00,0.00
280, GR7,0,0.00,0.00
290, GR7,0,0.00,0.00
300, GR7,0,0.00,0.00
310, GR7,0,0.00,0.00
320, GR7,0,0.00,0.00
330, GR7,0,0.00,0.00
340, GR7,0,0.00,0.00
350, GR7,0,0.00,0.00
360, GR7,0,0.00,0.00
370, GR7,0,0.00,0.00
380, GR7,0,0.00,0.00
390, GR7,0,0.00,0.00
400, GR7,0,0.00,0.00
410, GR7,0,0.00,0.00
420, GR7,0,0.00,0.00
430, GR7,0,0.00,0.00
440, GR7,0,0.00,0.00
450, GR7,0,0.00,0.00
460, GR7,0,0.00,0.00
470, GR7,0,0.00,0.00
480, GR7,0,0.00,0.00
490, GR7,0,0.00,0.00
500, GR7,0,0.00,0.00
510, GR7,0,0.00,0.00
520, GR7,0,0.00,0.00
530, GR7,0,0.00,0.00
540, GR7,0,0.00,0.00
550, GR7,0,0.00,0.00
560, GR7,0,0.00,0.00
570, GR7,0,0.00,0.00
580, GR7,0,0.00,0.00
590, GR7,0,0.00,0.00
600, GR7,0,0.00,0.00
610, GR7,0,0.00,0.00
620, GR7,0,0.00,0.00
630, GR7,0,0.00,0.00
640, GR7,0,0.00,0.00
650, GR7,0,0.00,0.00
660, GR7,0,0.00,0.00
670, GR7,0,0.00,0.00
680, GR7,0,0.00,0.00
690, GR7,0,0.00,0.00
700, GR7,0,0.00,0.00
710, GR7,0,0.00,0.00
720, GR7,0,0.00,0.00
730, GR7,0,0.00,0.00
740, GR7,0,0.00,0.00
750, GR7,0,0.00,0.00
760, GR7,0,0.00,0.00
770, GR7,0,0.00,0.00
780, GR7,0,0.00,0.00
790, GR7,0,0.00,0.00
800, GR7,0,0.00,0.00
810, GR7,0,0.00,0.00
820, GR7,0,0.00,0.00
830, GR7,0,0.00,0.00
840, GR7,0,0.00,0.00
850, GR7,0,0.00,0.00
860, GR7,0,0.00,0.00
870, GR7,0,0.00,0.00
880, GR7,0,0.00,0.00
890, GR7,0,0.00,0.00
900, GR7,0,0.00,0.00
910, GR7,0,0.00,0.00
920, GR7,0,0.00,0.00
930, GR7,0,0.00,0.00
940, GR7,0,0.00,0.00
950, GR7,0,0.00,0.00
960, GR7,0,0.00,0.00
970, GR7,0,0.00,0.00
980, GR7,0,0.00,0.00
990, GR7,0,0.00,0.00
1000, GR7,0,0.00,0.00
1010, GR7,0,0.00,0.00
1020, GR7,0,0.00,0.00
1030, GR7,0,0.00,0.00
1040, GR7,0,0.00,0.00
1050, GR7,0,0.00,0.00
1060, GR7,0,0.00,0.00
1070, GR7,0,0.00,0.00
1080, GR7,0,0.00,0.00
1090, GR7,0,0.00,0.00
1100, GR7,0,0.00,0.00
1110, GR7,0,0.00,0.00
1120, GR7,0,0.00,0.00
1130, GR7,0,0.00,0.00
1140, GR7,0,0.00,0.00
1150, GR7,0,0.00,0.00
1160, GR7,0,0.00,0.00
1170, GR7,0,0.00,0.00
1180, GR7,0,0.00,0.00
1190, GR7,0,0.00,0.00
1200, GR7,0,0.00,0.00
1210, GR7,0,0.00,0.00
1220, GR7,0,0.00,0.00
1230, GR7,0,0.00,0.00
1240, GR7,0,0.00,0.00
1250, GR7,0,0.00,0.00
1260, GR7,0,0.00,0.00
1270, GR7,0,0.00,0.00
1280, GR7,0,0.00,0.00
1290, GR7,0,0.00,0.00
1300, GR7,0,0.00,0.00
1310, GR7,0,0.00,0.00
1320, GR7,0,0.00,0.00
1330, GR7,0,0.00,0.00
1340, GR7,0,0.00,0.00
1350, GR7,0,0.00,0.00
1360, GR7,0,0.00,0.00
1370, GR7,0,0.00,0.00
1380, GR7,0,0.00,0.00
1390, GR7,0,0.00,0.00
1400, GR7,0,0.00,0.00
1410, GR7,0,0.00,0.00
1420, GR7,0,0.00,0.00
1430, GR7,0,0.00,0.00
1440, GR7,0,0.00,0.00
1450, GR7,0,0.00,0.00
1460, GR7,0,0.00,0.00
1470, GR7,0,0.00,0.00
1480, GR7,0,0.00,0.00
1490, GR7,0,0.00,0.00
1500, GR7,0,0.00,0.00
1510, GR7,0,0.00,0.00
1520, GR7,0,0.00,0.00
1530, GR7,0,0.00,0.00
1540, GR7,0,0.00,0.00
1550, GR7,0,0.00,0.00
1560, GR7,0,0.00,0.00
1570, GR7,0,0.00,0.00
1580, GR7,0,0.00,0.00
1590, GR7,0,0.00,0.00
1600, GR7,0,0.00,0.00
1610, GR7,0,0.00,0.00
1620, GR7,0,0.00,0.00
1630, GR7,0,0.00,0.00
1640, GR7,0,0.00,0.00
1650, GR7,0,0.00,0.00
1660, GR7,0,0.00,0.00
1670, GR7,0,0.00,0.00
1680, GR7,0,0.00,0.00
1690, GR7,0,0.00,0.00
1700, GR7,0,0.00,0.00
1710, GR7,0,0.00,0.00
1720, GR7,0,0.00,0.00
1730, GR7,0,0.00,0.00
1740, GR7,0,0.00,0.00
1750, GR7,0,0.00,0.00
1760, GR7,0,0.00,0.00
1770, GR7,0,0.00,0.00
1780, GR7,0,0.00,0.00
1790, GR7,0,0.00,0.00
1800, GR7,0,0.00,0.00
0, GR8,0,0.00,0.00
10, GR8,0,0.00,0.00
20, GR8,0,0.00,0.00
30, GR8,0,0.00,0.00
40, GR8,0,0.00,0.00
50, GR8,0,0.00,0.00
60, GR8,0,0.00,0.00
70, GR8,0,0.00,0.00
80, GR8,0,0.00,0.00
90, GR8,0,0.00,0.00
100, GR8,0,0.00,0.00
110, GR8,0,0.00,0.00
120, GR8,0,0.00,0.00
130, GR8,0,0.00,0.00
140, GR8,0,0.00,0.00
150, GR8,0,0.00,0.00
160, GR8,0,0.00,0.00
170, GR8,0,0.00,0.00
180, GR8,0,0.00,0.00
190, GR8,0,0.00,0.00
200, GR8,0,0.00,0.00
210, GR8,0,0.00,0.00
220, GR8,0,0.00,0.00
230, GR8,0,0.00,0.00
240, GR8,0,0.00,0.00
250, GR8,0,0.00,0.00
260, GR8,0,0.00,0.00
270, GR8,0,0.00,0.00
280, GR8,0,0.00,0.00
290, GR8,0,0.00,0.00
300, GR8,0,0.00,0.00
310, GR8,0,0.00,0.00
320, GR8,0,0.00,0.00
330, GR8,0,0.00,0.00
340, GR8,0,0.00,0.00
350, GR8,0,0.00,0.00
360, GR8,0,0.00,0.00
370, GR8,0,0.00,0.00
380, GR8,0,0.00,0.00
390, GR8,0,0.00,0.00
400, GR8,0,0.00,0.00
410, GR8,0,0.00,0.00
420, GR8,0,0.00,0.00
430, GR8,0,0.00,0.00
440, GR8,0,0.00,0.00
450, GR8,0,0.00,0.00
460, GR8,0,0.00,0.00
470, GR8,0,0.00,0.00
480, GR8,0,0.00,0.00
490, GR8,0,0.00,0.00
500, GR8,0,0.00,0.00
510, GR8,0,0.00,0.00
520, GR8,0,0.00,0.00
530, GR8,0,0.00,0.00
540, GR8,0,0.00,0.00
550, GR8,0,0.00,0.00
560, GR8,0,0.00,0.00
570, GR8,0,0.00,0.00
580, GR8,0,0.00,0.00
590, GR8,0,0.00,0.00
600, GR8,0,0.00,0.00
610, GR8,0,0.00,0.00
620, GR8,0,0.00,0.00
630, GR8,0,0.00,0.00
640, GR8,0,0.00,0.00
650, GR8,0,0.00,0.00
660, GR8,0,0.00,0.00
670, GR8,0,0.00,0.00
680, GR8,0,0.00,0.00
690, GR8,0,0.00,0.00
700, GR8,0,0.00,0.00
710, GR8,0,0.00,0.00
720, GR8,0,0.00,0.00
730, GR8,0,0.00,0.00
740, GR8,0,0.00,0.00
750, GR8,0,0.00,0.00
760, GR8,0,0.00,0.00
770, GR8,0,0.00,0.00
780, GR8,0,0.00,0.00
790, GR8,0,0.00,0.00
800, GR8,0,0.00,0.00
810, GR8,0,0.00,0.00
820, GR8,0,0.00,0.00
830, GR8,0,0.00,0.00
840, GR8,0,0.00,0.00
850, GR8,0,0.00,0.00
860, GR8,0,0.00,0.00
870, GR8,0,0.00,0.00
880, GR8,0,0.00,0.00
890, GR8,0,0.00,0.00
900, GR8,0,0.00,0.00
910, GR8,0,0.00,0.00
920, GR8,0,0.00,0.00
930, GR8,0,0.00,0.00
940, GR8,0,0.00,0.00
950, GR8,0,0.00,0.00
960, GR8,0,0.00,0.00
970, GR8,0,0.00,0.00
980, GR8,0,0.00,0.00
990, GR8,0,0.00,0.00
1000, GR8,0,0.00,0.00
1010, GR8,0,0.00,0.00
1020, GR8,0,0.00,0.00
1030, GR8,0,0.00,0.00
1040, GR8,0,0.00,0.00
1050, GR8,0,0.00,0.00
1060, GR8,0,0.00,0.00
1070, GR8,0,0.00,0.00
1080, GR8,0,0.00,0.00
1090, GR8,0,0.00,0.00
1100, GR8,0,0.00,0.00
1110, GR8,0,0.00,0.00
1120, GR8,0,0.00,0.00
1130, GR8,0,0.00,0.00
1140, GR8,0,0.00,0.00
1150, GR8,0,0.00,0.00
1160, GR8,0,0.00,0.00
1170, GR8,0,0.00,0.00
1180, GR8,0,0.00,0.00
1190, GR8,0,0.00,0.00
1200, GR8,0,0.00,0.00
1210, GR8,0,0.00,0.00
1220, GR8,0,0.00,0.00
1230, GR8,0,0.00,0.00
1240, GR8,0,0.00,0.00
1250, GR8,0,0.00,0.00
1260, GR8,0,0.00,0.00
1270, GR8,0,0.00,0.00
1280, GR8,0,0.00,0.00
1290, GR8,0,0.00,0.00
1300, GR8,0,0.00,0.00
1310, GR8,0,0.00,0.00
1320, GR8,0,0.00,0.00
1330, GR8,0,0.00,0.00
1340, GR8,0,0.00,0.00
1350, GR8,0,0.00,0.00
1360, GR8,0,0.00,0.00
1370, GR8,0,0.00,0.00
1380, GR8,0,0.00,0.00
1390, GR8,0,0.00,0.00
1400, GR8,0,0.00,0.00
1410, GR8,0,0.00,0.00
1420, GR8,0,0.00,0.00
1430, GR8,0,0.00,0.00
1440, GR8,0,0.00,0.00
1450, GR8,0,0.00,0.00
1460, GR8,0,0.00,0.00
1470, GR8,0,0.00,0.00
1480, GR8,0,0.00,0.00
1490, GR8,0,0.00,0.00
1500, GR8,0,0.00,0.00
1510, GR8,0,0.00,0.00
1520, GR8,0,0.00,0.00
1530, GR8,0,0.00,0.00
1540, GR8,0,0.00,0.00
1550, GR8,0,0.00,0.00
1560, GR8,0,0.00,0.00
1570, GR8,0,0.00,0.00
1580, GR8,0,0.00,0.00
1590, GR8,0,0.00,0.00
1600, GR8,0,0.00,0.00
1610, GR8,0,0.00,0.00
1620, GR8,0,0.00,0.00
1630, GR8,0,0.00,0.00
1640, GR8,0,0.00,0.00
1650, GR8,0,0.00,0.00
1660, GR8,0,0.00,0.00
1670, GR8,0,0.00,0.00
1680, GR8,0,0.00,0.00
1690, GR8,0,0.00,0.00
1700, GR8,0,0.00,0.00
1710, GR8,0,0.00,0.00
1720, GR8,0,0.00,0.00
1730, GR8,0,0.00,0.00
1740, GR8,0,0.00,0.00
1750, GR8,0,0.00,0.00
1760, GR8,0,0.00,0.00
1770, GR8,0,0.00,0.00
1780, GR8,0,0.00,0.00
1790, GR8,0,0.00,0.00
1800, GR8,0,0.00,0.00